article_id,infraction_desc,type_article,categorie_vehicule,amende_fixe,points_retrait,mots_cles,has_sanction,has_amende,has_points
1,المادة 1 ال يجوز ءلي شخص ءن يسوق مركبة ذات محرك ءو مجموعة مركبات على الطريق العمومي ة ما لم يكن حاصال على رخصة للسياقة سارية الصالحية ومسلمة من قبل اءلدارة، تناسب صنف,autre,non_precise,,,aucun,False,False,False
2,المادة 2 استثناا من ءحكام المادة اءلولى ءعاله : 1 يجوز للمغاربة القاطنين بالخارج ءن يسوقوا، داخل التراب الوطني، خالل مدة ءقصاها,autre,non_precise,,,permis,False,False,False
3,المادة 3 يجب على الساءقين الحاصلين على رخصة سياقة مسلمة بالخارج، بعد انصرام المدة المشار ءليها في المادة السابقة، ءن يتقدموا المتحانات الحصول على رخصة السياقة المغربية، ءو ءن يطلبوا تبديل,obligation,non_precise,,,permis,False,False,False
4,المادة 4 في حالة السير الدولي ووفقا لالتفاقية الدولية للسير على الطرق، تسلم الهيءات المءهلة لذلك من قبل اءلدارة، رخصة دولية للسياقة موضوعة في دفتر خاص.,autre,non_precise,,,depassement,False,False,False
2,المادة 2 ءعاله.,autre,non_precise,,,aucun,False,False,False
5,المادة 5 استثناا من ءحكام المادة اءلولى ءعاله، يجوز للساءقين العسكريين الحاصلين على ءجازة السياقة المسلمة من قبل السلطة التابعين لها، من ءجل سياقة المركبات العسكرية :,autre,non_precise,,,alcool,False,False,False
10,المادة 10 ءسفله شريطة استيفاءهم الشروط المحددة في البندين 1 و2 من,autre,non_precise,,,aucun,False,False,False
11,المادة 11 ءسفله.,autre,non_precise,,,aucun,False,False,False
6,المادة 6 ال يجوز ءلي كان سياقة مركبة فالحية ذات محرك ءو مركبة غابوية ذات محرك ءو ءريبة لءلشغال العمومية ءو ءريبة خاصة ذات محرك، على الطريق العمومية، مالم يكن حاصال على رخصة للسياقة,autre,non_precise,,,permis,False,False,False
7,المادة 7 يحدد صنف رخصة السياقة حسب صنف ءو ءصناف المركبة التي يمكن سياقتها. ءصناف رخصة السياقة هي: ءم و ء 1 1 و ء و ب و ج و د و هـ,autre,"moto, transport_commun, poids_lourd",3500.0,,"permis, depassement",False,True,False
8,المادة 8 ال يسمح كل صنف من ءصناف رخصة السياقة ءال بسياقة صنف المركبات المقابل له فقط كما هو مقرر في,autre,non_precise,,,permis,False,False,False
7,المادة 7 ءعاله. غير ءن : 1 رخصة السياقة من الصنف هـ ج ءو ه د ، تقبل ءيضا بالنسبة للصنف هـ,autre,non_precise,,,permis,False,False,False
309,المادة 309 بعده، تخول رخصة السياقة من الصنف ي المسلمة قبل تاريخ صدور هذا القانون الحق في سياقة الدراجات النارية من صنف ء 1 1 .,autre,non_precise,,,permis,False,False,False
9,المادة 9 يجب اءلدالا برخصة السياقة ءو بالوثيقة التي تحل محلها ءلى اءلعوان المكلفين بمراقبة تطبيق ءحكام هذا القانون والنصوص الصادرة لتطبيقه، كلما طلبوا ذلك.,obligation,non_precise,,,permis,False,False,False
10,المادة 10 تسلم رخصة السياقة ءلى المترشح بعد اجتيازه بنجاح : 1 الختبار في مراقبة المعارف ينصب خاصة على اءلحكام التشريعية والتنظيمية في مجال سياقة,autre,non_precise,,,permis,False,False,False
11,المادة 11 ال يجوز ءلي كان ءن يتقدم الجتياز امتحان الحصول على رخصة سياقة ءحدى ءصناف المركبات، ءذا لم يكن مستوفيا للشروط التالية :,autre,non_precise,,,permis,False,False,False
251,المادة 251 ءدناه ؛ 4 ءن يكون حاصال على : رخصة السياقة بعد انتهاا ءلفترة االختبارية من صنف ب وءال يقل رصيد النقط المخصص,autre,non_precise,,,permis,False,False,False
12,المادة 12 يخضع وجوبا كل مترشح الختبارات امتحان الحصول على رخصة السياقة لفحص طبي مسبق، الغاية منه التءكد من ءن قدراته البدنية والعقلية تمكنه من سياقة مركبة على الطريق العمومية دون,autre,non_precise,,,permis,False,False,False
13,المادة 13 ءذا كان المترشح الختبارات امتحان الحصول على رخصة السياقة مصابا بعجز بدني ال يتنافى مع سياقة المركبات ذات محرك، ءمكن تعويض هذا العجز بتهيءة خاصة للمركبة ءو بواسطة حمل,obligation,non_precise,,,permis,False,False,False
7,المادة 7 ءعاله.,autre,non_precise,,,aucun,False,False,False
14,المادة 14 يجب على كل شخص حاصل على رخصة السياقة الخضوع لفحص طبي كل عشر سنوات. غير ءنه يجب تجديد ءلفحص الطبي كل سنتين، بالنسبة للحاصلين على رخصة السياقة، الذين,obligation,poids_lourd,,,"permis, depassement",False,False,False
21,المادة 21 بعده، ءن يءمروا بخضوع الساءق لفحص طبي دوري لفترة ءقل من ءلفترات المحددة ءعاله ءذا كانت حالته الصحية تدعو ءلى ذلك.,autre,non_precise,,,aucun,False,False,False
15,المادة 15 عالوة على ءلفحوص الطبية المنصوص عليها في المادتين 12 و14 ءعاله: 1 يخضع لفحص طبي كل شخص حاصل على رخصة سياقة ءصيب بمرض ءو بعجز منصوص,obligation,non_precise,,,aucun,False,False,False
16,المادة 16 تجرى ءلفحوص الطبية اءلجبارية المفروضة بموجب هذا القانون من قبل ءطباا من القطاع العام ءو من القطاع الخاص يستوفون الشروط المنصوص عليها في,autre,non_precise,,,aucun,False,False,False
21,المادة 21 بعده. ويقوم عند االقتضاا بءجراا ءلفحص متخصص ءو متخصصون حسب طبيعة ءلفحص ءلالزم ءجراءه.,autre,non_precise,,,aucun,False,False,False
17,المادة 17 يسلم الطبيب الذي قام بءلفحص الطبي وفق ءحكام المادتين 12 و14 ءعاله، شهادة ءلى المعني باءلمر لءلدالا بها ءلى اءلدارة المختصة، تثبت ءنه قادر على السياقة، ءو قادر على السياقة مع مراعاة التقييدات,autre,non_precise,,,aucun,False,False,False
18,المادة 18 بعده، ءو ءنه غير قادر على السياقة. تحتفظ اءلدارة بنسخة من شهادة ءلفحص الطبي لتحيين المعطيات المتعلقة برخصة السياقة في الجذاذية الوطنية لرخصة السياقة وتعيد الشهادة اءلصلية ءلى المعني باءلمر قصد اءلدالا بها ءلعوان,autre,non_precise,,,permis,False,False,False
18,المادة 18 يوجه الطبيب الذي قام بءلفحص الطبي، طبقا ءلحكام,autre,non_precise,,,aucun,False,False,False
15,المادة 15 ءعاله، ءلى اءلدارة المختصة، نسخة من الشهادة التي سلمها للمعني باءلمر والتي تثبت : 1 ءما ءنه يمكن لصاحب رخصة السياقة االستمرار في استعمال رخصته، شريطة الخضوع، ءن,autre,non_precise,,,permis,False,False,False
19,المادة 19 ءذا نازع صاحب رخصة السياقة ءو اءلدارة في استنتاجات الطبيب المضمنة في الشهادة الطبية، يخضع المعني باءلمر، بطلب منه ءو بطلب من اءلدارة، لفحص طبي مضاد تجريه لجنة طبية لالستءناف,autre,non_precise,,,permis,False,False,False
21,المادة 21 بعده. ال يجوز للطبيب الذي قام بءجراا ءلفحص الطبي موضوع االستءناف ءن يكون عضوا في اللجنة الطبية لالستءناف.,autre,non_precise,,,aucun,False,False,False
20,المادة 20 ءذا نازع صاحب رخصة السياقة ءو اءلدارة في استنتاجات اللجنة الطبية لالستءناف، يخضع المعني باءلمر، بطلب منه ءو بطلب من اءلدارة، لفحص طبي مضاد يجريه طبيب خبير يعين بءمر من رءيس,autre,non_precise,,,permis,False,False,False
148,المادة 148 من القانون المتعلق بالمسطرة المدنية .,autre,non_precise,,,aucun,False,False,False
21,المادة 21 تعتمد اءلدارة اءلطباا واءلطباا ءعضاا اللجنة الطبية لالستءناف المشار ءليهم في المادتين 16 و19 ءعاله، المءهلين لتسليم الشهادات الطبية المنصوص عليها في هذا ءلفرع، ءذا ءثبتوا توفرهم على معارف,autre,non_precise,,,permis,False,False,False
22,المادة 22 يخصص رصيد من النقط لرخصة السياقة. ويخفض هذا الرصيد بقوة القانون ءذا ءدين صاحب الرخصة من ءجل مخءلفة تستوجب هذا التخفيض ءو ءدى الغرامة التصالحية والجزافية في الحاالت,sanction,non_precise,,,permis,True,False,False
23,المادة 23 يحصل المترشح الذي اجتاز بنجاح االختبارات المشار ءليها في,autre,non_precise,,,aucun,False,False,False
10,المادة 10 ءعاله، على رخصة السياقة صالحة للصنف ءو اءلصناف المعنية بهذه االختبارات. يخضع كل مترشح حصل على رخصة السياقة من اءلصناف ء 1 1 و ء و ب لفترة,autre,non_precise,,,"permis, alcootest",False,False,False
24,المادة 24 تلغى الرخصة بقوة القانون ابتداا من تاريخ فقدان ءءخر نقطة من الرصيد المخصص لرخصة السياقة خالل ءلفترة االختبارية.,autre,non_precise,,,"permis, alcootest",False,False,False
25,المادة 25,autre,non_precise,,,aucun,False,False,False
26,المادة 26 يجب على صاحب رخصة السياقة، الذي فقد خالل ءلفترة االختبارية ءكثر من ثلثي النقط المخصصة للرخصة المذكورة، ءن يخضع لدورة في التربية على السالمة الطرقية تحدد كيفياتها من قبل اءلدارة.,obligation,non_precise,,,permis,False,False,False
27,المادة 27 عند انتهاا ءلفترة االختبارية المنصوص عليها في,autre,non_precise,,,aucun,False,False,False
23,المادة 23 ءعاله،ومع مراعاة ءحكام,autre,non_precise,,,aucun,False,False,False
26,المادة 26 ءعاله، يخصص لرخصة السياقة الرصيد اءلق ضى المحدد في ثالثين 30 نقطة. ءلفرع 4,sanction,non_precise,,,permis,True,False,False
28,المادة 28 يثبت ارتكاب مخءلفة مءدية ءلى خصم عدد من النقط من رصيد رخصة السياقة، بءداا غرامة تصالحية وجزافية ءو بمقرر قضاءي باءلدانة حاز قوة ال ضيا المق ضي به.,sanction,non_precise,,,permis,True,False,False
29,المادة 29 يحدد عدد النقط الواجب خصمها تبعا لجسامة المخءلفة المرتكبة.,autre,non_precise,,,aucun,False,False,False
30,المادة 30 يتم ءخبار المعني باءلمر، عند ءشعاره بءن ءحدى المخءلفات المءدية ءلى خصم النقط قد سجلت عليه، بءنه يمكن ءن يتعرض لخصم للنقط وبوجود معالجة ءءلية لهذه النقط.,sanction,non_precise,,,permis,True,False,False
31,المادة 31 ءذا ثبت ارتكاب مخءلفة بءداا غرامة تصالحية وجزافية بين يدي العون محرر المحضر وترتب على ذلك فقدان مجموع النقط، يقوم العون محرر المحضر باالحتفاظ برخصة سياقة المعني باءلمر مقابل,sanction,non_precise,,,permis,True,False,False
32,المادة 32 في ما عدا الحالة المنصوص عليها في,autre,non_precise,,,aucun,False,False,False
31,المادة 31 ءعاله وفي حالة فقدانه مجموع النقط ، يتلقى المعني باءلمر من اءلدارة، بواسطة رسالة مضمونة مع ءشعار باالستالم، موجهة ءليه بالعنوان المصرح به لءلدارة، تذكيرا بالمخءلفات التي سبق ارتكابها وبالمخءلفة اءلخيرة التي ترتب عليها خصم مجموع النقط,sanction,non_precise,,,permis,True,False,False
33,المادة 33 يجوز لصاحب رخصة السياقة، قبل انصرام ءلفترة االختبارية، ءن يسترجع ءربع 4 نقط وذلك دون تجاوز الحد اءلق ضى المخصص لرخصته، ءذا خضع لدورة في التربية على السالمة الطرقية.,autre,non_precise,,,"permis, depassement",False,False,False
34,المادة 34 ال يجوز للحاصل على رخصة السياقة، الذي فقد مجموع النقط بعد ءلفترة االختبارية، التقدم من جديد الجتياز امتحان الحصول على رخصة السياقة، ءال بعد انصرام ءجل ستة 6 ءشهر ابتداا من,sanction,non_precise,,,permis,True,False,False
35,المادة 35 ءذا لم يرتكب صاحب رخصة السياقة مخءلفة جديدة معاقبا عليها بخصم النقط، داخل ءجل ثالث 3 سنوات من التاريخ الذي حاز فيه ءءخر مقرر قضاءي باءلدانة قوة ال ضيا المق ضي به ءو من,sanction,non_precise,,,permis,True,False,False
27,المادة 27 ءعاله. استثناا من ءحكام ءلفقرة اءلولى ءعاله، يجوز لصاحب رخصة السياقة، بعد ءلفترة االختبارية وقبل انصرام اءلجل المحدد في ءلفقرة اءلولى ءعاله، ءن يسترجع مرة وءحدة ءربع 4 نقط ءذا خضع,autre,non_precise,,,permis,False,False,False
34,المادة 34 ءعاله، وذلك دون تجاوز الحد اءلق ضى للرصيد المخصص لرخصة السياقة. غير ءنه، ومع مراعاة ءحكام ءلفقرة اءلولى ءعاله:,sanction,non_precise,,,"permis, depassement",True,False,False
36,المادة 36 يمكن ءن تحرر رخصة السياقة في حالم يكون قابال ءلن تسجل عليه في شكل ءلكتروني المعلومات التي تحتوي عليها الرخصة.,autre,non_precise,,,permis,False,False,False
37,المادة 37 يجب ءن يتضمن الحالم المحررة فيه رخصة السياقة ، على الخصوص ما يلي : البيانات المتعلقة بهوية صاحب رخصة السياقة ؛,obligation,non_precise,,,permis,False,False,False
38,المادة 38 تحدد مدة صالحية الحالم المحررة فيه رخصة السياقة في عشر سنوات. وتحتسب هذه المدة، بالنسبة للتجديد اءلول، ابتداا من تاريخ تسليم رخصة السياقة على الحالم,obligation,non_precise,,,permis,False,False,False
14,المادة 14 من هذا القانون ؛ يجب تجديد الحالم المذكور على ءبعد تقدير، داخل الثالثة ءشهر الموالية النصرام السنة العاشرة على تاريخ تسليم رخصة السياقة.,obligation,non_precise,,,permis,False,False,False
39,المادة 39 يجب على ءصحاب رخصة السياقة ءن يقوموا بتغيير الحالم المحررة فيه، ءذا قررت اءلدارة ذلك التغيير، خاصة اعتبارا للتطور التكنولوجي.,obligation,non_precise,,,permis,False,False,False
40,المادة 40 ال يجوز ءلي كان سياقة المركبات المبينة بعده، بصفة مهنية، ءن لم يكن حاصال على بطاقة ساءق منهي :,obligation,poids_lourd,500.0,3.0,"permis, depassement",False,True,True
41,المادة 41 يجب على كل حاصل على بطاقة ساءق منهي ءن يتابع، كل خمس سنوات، ءلجل تجديد هذه البطاقة، تكوينا مستمرا خالل السنة اءلخيرة من هذه ءلفترة.,obligation,non_precise,,,aucun,False,False,False
42,المادة 42 يجب ءن ينصب التكوين التءهيلي والتكوين المستمر المشار ءليهما في المادتين 40 و41 ءعاله على : االستعمال الرشيد للمركبة حسب خصاءصها التقنية ؛,obligation,non_precise,,,aucun,False,False,False
43,المادة 43 يلقن التكوين التءهيلي اءلولي والتكوين المستمر، المشار ءليهما في هذا الباب، بمءسسات تعتمدها اءلدارة لهذا الغرض.,autre,non_precise,,,aucun,False,False,False
44,المادة 44 يراد في مفهوم هذا القانون بما يلي : مركبة : كل وسيلة نقل لها عجلتان على اءلقل تسير على الطريق العمومية بواسطة قوتها اءءللية,definition,"moto, voiture_legere, poids_lourd",1000.0,,depassement,False,True,False
45,المادة 45 يجب صنع المركبات ءو مجموعة المركبات وتسويقها واستغاللها واستعمالها وصيانتها وعند االقتضاا، ءصالحها، على نحو يءمن سالمة مستعملي الطريق العمومية ويقلل من استهالك الطاقة,obligation,non_precise,,,aucun,False,False,False
46,المادة 46 يجب ءن تءمن قواعد صنع وتجهيز المركبات وتهيءتها، حسب االستعمال المخصصة له، والتي تضعها اءلدارة، ضمانات صالبة وسالمة كافية تمكن الساءق من التحكم في مركبته ومن التقليص,obligation,non_precise,,,aucun,False,False,False
47,المادة 47 تحدد قواعد صنع وتجهيز وتهيءة المركبات الخصاءص التقنية ءو المعايير المتعلقة على الخصوص بما يلي :,autre,non_precise,,,"signalisation, feux, vitesse",False,False,False
48,المادة 48 يجب ءن تجهز كل مركبة وكل مقطورة بءجهزة السالمة ولوازمها. تحدد اءلدارة ءجهزة السالمة ولوازمها والقواعد التي تخضع لها.,obligation,non_precise,,,aucun,False,False,False
49,المادة 49 تقوم اءلدارة، قصد التءكد من ءن المركبة ذات محرك ءو مجموعة المركبات ءو الدراجة النارية يمكن ءن تقبل للسير على الطريق العمومية مع التقيد بءحكام المواد 46 و47 و48 ءعاله، بالمصادقة على,obligation,"moto, poids_lourd",750.0,,depassement,False,True,False
50,المادة 50 يمنع استخدام واستغالل كل مركبة على الطريق العمومية ال تكون خصاءصها التقنية مطابقة للقواعد المقررة تطبيقا للمواد 46 و47 و48 ءعاله ءلى حين مطابقتها لتلك القواعد.,obligation,poids_lourd,750.0,,depassement,False,True,False
51,المادة 51 تخضع كل مركبة ءدخلت عليها، بعد المصادقة عليها، ءحدى التغييرات المحددة من قبل اءلدارة ءلى مصادقة جديدة.,autre,non_precise,,,aucun,False,False,False
52,المادة 52 يمكن لءلعوان ءو للهيءات المءهلين قانونا من قبل اءلدارة، القيام بءخذ عينات من المركبات ءو من عناصر ءو ءجهزة المركبات التي سبقت المصادقة عليها، كما هو منصوص عليه في هذا القانون,obligation,non_precise,,,aucun,False,False,False
53,المادة 53 يجب على كل مالك سيارة ءو دراجة نارية ءو دراجة ثالثية العجالت بمحرك ءو دراجة رباعية العجالت ثقيلة بمحرك، ءن يقوم بتسجيلها قبل الشروع في استخدامها ءلول مرة . وتسلم له شهادة,obligation,"moto, voiture_legere, poids_lourd",750.0,,depassement,False,True,False
54,المادة 54 تثبت شهادة التسجيل، مع مراعاة صحة تصريح المالك، مطابقة المركبة لخصاءص المصادقة. تتضمن شهادة التسجيل خاصة البيانات التالية :,autre,non_precise,,,aucun,False,False,False
55,المادة 55 تخضع ءيضا للتسجيل، ءذا كانت تسير على الطريق العمومية، المركبات ءلفالحية ذات محرك والمركبات الغابوية ذات محرك وءريبات اءلشغال العمومية.,autre,poids_lourd,,,depassement,False,False,False
56,المادة 56 تخضع المركبات التي تملكها الدولة ءو الجماعات الترابية 1 لتسجيل خاص تحدده اءلدارة. 1 حلت عبارة الجماعات الترابية محل عبارة الجماعات المحلية بموجب ءلفصل 135 من الدستور.,autre,non_precise,,,aucun,False,False,False
57,المادة 57 يمكن ءن تحرر شهادة تسجيل المركبة في حالم يكون قابال ءلن تسجل عليه في شكل ءلكتروني المعلومات التي تحتوي عليها الشهادة والبيانات المتعلقة بالمراقبة التقنية.,obligation,non_precise,,,aucun,False,False,False
58,المادة 58 تحدد مدة صالحية الحالم المحررة فيه شهادة التسجيل في عشر 10 سنوات. تحتسب هذه المدة بالنسبة للتجديد اءلول ابتداا من تاريخ ءعداد الحالم المحررة عليه شهادة,obligation,non_precise,,,aucun,False,False,False
59,المادة 59 يجب على كل من تملك مركبة، في حالة تغيير مالكها ءو شراا مركبة جديدة ءو مركبة سبق تسجيلها بالمغرب، القيام، داخل ءجل ال يتعدى ثالثين 30 يوما من تاريخ المعالمة، بءيداع ملف التسجيل ءو,obligation,non_precise,,,aucun,False,False,False
40,المادة 40 ءعاله. يجب على كل من تملك مركبة، في حالة تغيير المالك، ءن يسلم شهادة التسجيل ءلى اءلدارة ءلعداد شهادة تسجيل جديدة وتسليمها ءلى المالك الجديد، داخل ءجل ال يتعدى ثالثة ءشهر من تاريخ ءيداع,obligation,non_precise,,,aucun,False,False,False
60,المادة 60 تطبق ءحكام,autre,non_precise,,,aucun,False,False,False
59,المادة 59 ءعاله ءيضا على كل شخص يصبح مالكا ملركبة خاضعة للتسجيل، على ءثر ءرث ءو هبة ءو قسمة ءو تصفية قضاءية ءو ممارسة حق استرداد ءو تخلي عن ملكية ءو بيع قضاءي ءو بيع بالمزاد العلني.,autre,non_precise,,,aucun,False,False,False
59,المادة 59 المذكورة يرفع ءلى 90 يوما.,autre,non_precise,,,aucun,False,False,False
61,المادة 61 يجب ءن تكون كل مركبة مسجلة مزودة بصفاءح تسجيل تحدد اءلدارة خصاءصها وشروط تثبيتها على المركبة .,obligation,non_precise,,,aucun,False,False,False
61,المادة 61 1 ال يمكن صياغة صفاءح التسجيل المشار ءليها في,autre,non_precise,,,aucun,False,False,False
61,المادة 61 ءعاله ءال من قبل اءلشخاص المعتمدين من قبل اءلدارة وفق الشروط المحددة بنص تنظيمي.,autre,non_precise,,,aucun,False,False,False
62,المادة 62 يتم سحب كل مركبة خاضعة للتسجيل من السير بصفة نهاءية بعد اءلدالا بتصريح بذلك وفق المسطرة وداخل اءلجل المحددين من لدن اءلدارة .,autre,non_precise,,,aucun,False,False,False
63,المادة 63 يجب ءن تكون شهادة التسجيل ءو الوثيقة التي تحل محلها موجودة على متن المركبة ءثناا سيرها على الطريق العمومية.,definition,non_precise,,,aucun,False,False,False
64,المادة 64 ال تقبل الدراجات والدراجات ثالثية العجالت والدراجات رباعية العجالت للسير على الطريق العمومية ءال ءذا كان مصادقا عليها من قبل اءلدارة، بعد مراقبة خصاءصها التقنية وال سيما منها :,autre,non_precise,,,signalisation,False,False,False
65,المادة 65 يجب على كل من تملك دراجة بمحرك ءو دراجة ثالثية العجالت بمحرك ءو دراجة رباعية العجالت بمحرك، غير تلك المشار ءليها في,obligation,moto,,,aucun,False,False,False
53,المادة 53 ءعاله، ءن يكون متوفرا على سند للملكية يحدد على الخصوص، هويته وعنوانه. ويجب ءن يكون لكل مركبة من المركبات المذكورة رقم ترتيبي يضمن بسند الملكية السءلف الذكر.,obligation,non_precise,,,aucun,False,False,False
66,المادة 66 تخضع جميع المركبات الخاضعة للتسجيل، ءو لسند الملكية ملراقبة تقنية دورية. تخضع ءيضا للمراقبة التقنية جميع المركبات الخاضعة للتسجيل :,autre,non_precise,,,aucun,False,False,False
67,المادة 67 المراقبة التقنية هي العملية التي تهدف ءلى التحقق من ءن المركبة الخاضعة لهذه المراقبة مطابقة لتشخيصها المحدد بموجب هذا القانون والنصوص الصادرة لتطبيقه، وءنها في حالة جيدة للسي ر,obligation,transport_commun,,,aucun,False,False,False
68,المادة 68 يترتب على ءجراا كل نوع من ءنواع المراقبة التقنية تسليم وثيقة تثبت هذه المراقبة. يجب لزوما ءن توجد الوثيقة المذكورة على متن المركبة، ءثناا سيرها على الطريق العمومية.,obligation,non_precise,,,aucun,False,False,False
69,المادة 69 يمكن ءن تءمر اءلدارة بءجراا فحوص تقنية مضادة ملركبة سبق ءن كانت موضوع مراقبة تقنية، بناا على طلب من هيءات اءلفتحاص والمراقبة المءهلة لهذا الغرض من قبل اءلدارة ءو بناا على طلب,autre,non_precise,,,aucun,False,False,False
70,المادة 70 تعتبر مصابة بءضرار خطيرة كل مركبة خاضعة للتسجيل تعرضت، على ءثر حادثة، العوجاج داءم ءضر ببنيتها الحالمة ءو ببنية تجميعها كما حددتها الهندسة اءلصلية للمركبة المقررة من قبل صانع السيارة.,autre,voiture_legere,,,aucun,False,False,False
71,المادة 71 ءذا لم تعد المركبة صالحة للسير ءو ءصبحت تشكل خطرا على السالمة الطرقية، بسبب خطورة اءلضرار ءلالحقة بها على ءثر حادثة، وجب توقيفها وفق الشروط المنصوص عليها في المادتين 102,autre,non_precise,,,aucun,False,False,False
72,المادة 72 يجب على مالك المركبة ءو ساءقها ءو حاءزها ءخبار اءلدارة في الحال بءصابة مركبة بءضرار خطيرة، ءذا لم يبلغ ذلك ءلى علم المصالح المكلفة بمعاينة الحوادث.,obligation,non_precise,,,aucun,False,False,False
73,المادة 73 يتوقف كل استخدام جديد ملركبة خاضعة للتسجيل ءصيبت بءضرار خطيرة، على ما يلي: 1 اءلدالا بتقرير خبرة يثبت ءن اءلصالحات التي تم القيام بها ال تخل بسالمة مستعملي الطريق العمومية ؛,autre,non_precise,,,"arret, stationnement",False,False,False
74,المادة 74 يجب على مالك كل مركبة خاضعة للتسجيل ءصبحت غير قابلة لءلصالح تقنيا على ءثر حادثة، ءن يخبر اءلدارة فورا بذلك.,obligation,non_precise,,,aucun,False,False,False
75,المادة 75 ءذا ءعطى مالك مركبة خاضعة للتسجيل موافقته للمءمن قصد تفويت مركبته المصرح بعدم صالحيتها اقتصاديا، نظرا لقيمتها التجارية التي تقل عن التكلفة المقدرة لءلصالحات الناتجة عن,obligation,non_precise,,,aucun,False,False,False
76,المادة 76 يجب على المشتري، ءذا تم تطبيقا للمادة 75 ءعاله تفويت المركبة قصد ءصالحها، ءن يوجه داخل ءجل ثالثين 30 يوما، تصريحا بالشراا ءلى اءلدارة التي تسلمه وصال بذلك.,obligation,non_precise,,,aucun,False,False,False
77,المادة 77 يجب في الحاالت المشار ءليها في ءلفقرة 2 من,obligation,non_precise,,,aucun,False,False,False
75,المادة 75 ءعاله، ءن تخضع المركبة المصرح بعدم صالحيتها اقتصاديا من قبل الخبراا الذين انتدبهم المءمنون على ءثر حادثة، ءلى مراقبة تقنية قبل ءي استخدام جديد لها.,autre,non_precise,,,aucun,False,False,False
78,المادة 78 يقوم بءعداد تقارير الخبرة المذكورة في المواد 71 و73 و74 و75 ءعاله، خبير في السيارات، يتوفر على ءهلية لتسليم الشهادات التي تثبت ءن المركبات غير قابلة لءلصالح ءو مصابة بءضرار خطيرة،,autre,non_precise,,,aucun,False,False,False
79,المادة 79 تضع اءلدارة القاءمة الوطنية للخبراا الذين تتوفر فيهم اءلهلية المشار ءليها في,autre,non_precise,,,aucun,False,False,False
78,المادة 78 ءعاله. الباب الخامس المركبات المدرجة في عداد التحف,autre,non_precise,,,aucun,False,False,False
80,المادة 80 يجوز ملالك كل مركبة خاضعة للتسجيل، يتوفر فيها ءحد الشروط المشار ءليها في,autre,non_precise,,,aucun,False,False,False
81,المادة 81 بعده، ءن يطلب ءدراج مركبته في عداد التحف. يجب ءن تقيد في شهادة التسجيل كل مركبة مدرجة في عداد التحف عبارة مركبة مدرجة في عداد,obligation,non_precise,,,aucun,False,False,False
81,المادة 81 يمكن ءن تدرج في عداد التحف : 1 كل مركبة ذات محرك، مهما كان عمرها، يتوفر فيها ءحد الشروط التالية :,autre,non_precise,,,"arret, depassement, stationnement",False,False,False
82,المادة 82 يجب، ءلجل ءدراج مركبة في عداد التحف، ءن تكون مزودة باءلجهزة المحركة وءدوات التعليق والحصر والرءية واءلنارة وءن تكون صالحة للسير، وتثبت هذه الصالحية بشهادة للمراقبة التقنية.,obligation,non_precise,,,aucun,False,False,False
83,المادة 83 يجب ءال تغادر المركبات المدرجة في عداد التحف منطقة تسجيلها والمناطق المجاورة لها. غير ءنها تخضع لءلدالا بتصريح مسبق ءلى اءلدارة، قصد السير خارج المنطقة المذكورة ءلجل,obligation,non_precise,,,aucun,False,False,False
84,المادة 84 تخضع المركبات المدرجة في عداد التحف لشروط مصادقة وتسجيل خاصة تحددها اءلدارة. تخضع المركبات المذكورة للمراقبة التقنية الدورية وفق شروط خاصة تحددها اءلدارة وللتءمين,autre,non_precise,,,aucun,False,False,False
85,المادة 85 يراد في مفهوم هذا القانون بما يلي : تجمع عمراني : فضاا تجتمع فيه مبان ويشار خصيصا ءلى مداخله ومخارجه ؛,obligation,"moto, voiture_legere",,,"arret, stationnement, signalisation, autoroute, vitesse, nuit",False,False,False
86,المادة 86 تحدد قواعد السير الواجبات التي على مستعملي الطريق العمومية التقيد بها. تحدد هذه القواعد من قبل اءلدارة قصد الحفاظ، في كل مكان وفي كل الظروف، على النظام العام,autre,non_precise,,,aucun,False,False,False
87,المادة 87 يجب ءن تمكن قواعد السير على الطريق العمومية، المبنية على المبادء المحددة ءعاله، من تسهيل سير مستعملي الطريق العمومية وسيولة سير المركبات وسالمة نقل اءلشخاص والممتلكات واستعمال,obligation,transport_commun,,,"arret, stationnement, signalisation, feux, vitesse, alcool, depassement",False,False,False
88,المادة 88 عالوة على قواعد االستعمال العام واالستعمال الخاص للطريق العمومية المشار ءليها في,autre,non_precise,,,aucun,False,False,False
87,المادة 87 ءعاله، تتعلق قواعد السير على الطريق السيار خاصة بما يلي : 1 شروط ولوج الطريق السيار والخروج منه عبر المسالك الموصلة ءليه ؛,autre,voiture_legere,,,"arret, stationnement",False,False,False
89,المادة 89 يمكن للسلطة الحكومية المكلفة بالطرق ءو للسلطات المحلية ءو للجماعات الترابية، كل داخل نطاق اختصاصها، ءن تسن التدابير الداءمة ءو المءقتة ءلالزمة لضمان سهولة ءو سالمة السير ءو لتفادي,autre,non_precise,,,aucun,False,False,False
90,المادة 90 ترجح اءلشارات التي يعطيها اءلعوان المءهلون قانونا لذلك والمنظمون للسير في الطريق العمومية على كل تشوير ءو ءضواا التشوير ءو قواعد السير.,autre,non_precise,,,signalisation,False,False,False
91,المادة 91 يمنع على المركبات، بالرغم عن كل اءلحكام المخءلفة، كل ءشهار يستعمل الضوا بواسطة ءءلة ءو جهاز عاكس للضوا.,obligation,non_precise,,,aucun,False,False,False
92,المادة 92 يجب على كل ساءق : 1 ءن يكون في حالة بدنية وعقلية تمكنه من سياقة مركبته ءو حيواناته وفي التحكم فيها باستمرار ؛,obligation,non_precise,,,"alcool, alcootest",False,False,False
93,المادة 93 يجب على كل ساءق استعمال ءجهزة السالمة ولوازمها وفق الشروط المحددة من قبل اءلدارة.,obligation,non_precise,,,aucun,False,False,False
94,المادة 94 يجب على كل رءجل عند استعماله الطريق العمومية : اتخاذ االحتياطات ءلالزمة لتجنب كل خطر سواا على نفسه ءو على الغير ؛,obligation,non_precise,,,permis,False,False,False
95,المادة 95 تصدر اءلدارة قرارا بسحب رخصة السياقة، ءذا لم يدفع الشخص الحاصل عليها مبلغ الغرامة الصادرة في حقه بموجب مقرر قضاءي حاءز لقوة ال ضيا المق ضي به ءو ءذا لم يدفع الصواءر المتعلقة,sanction,non_precise,,,permis,True,False,False
96,المادة 96 تصدر اءلدارة قرارا بتوقيف رخصة السياقة ملدة ال تتجاوز ثالثة ءشهر للمرة اءلولى وستة ءشهر في حالة العود، في حق كل ساءق مركبة يقوم بنقل البضاءع ءو بالنقل الجماعي لءلشخاص :,autre,poids_lourd,,,"arret, stationnement, permis, vitesse, depassement",False,False,False
97,المادة 97 يمكن ءن تصدر اءلدارة قرارا بسحب رخصة السياقة : 1 ءذا ثبت، بعد فحص يجرى وفقا للمواد 14 و15 و16و19 و20 من هذا القانون، ءن صاحبها غير,autre,non_precise,,,permis,False,False,False
14,المادة 14 ءعاله. ال يمكن ءرجاع رخصة السياقة لصاحبها ءال بعد ءن يثبت بفحص طبي يجري وفق المواد المذكورة في,autre,non_precise,,,permis,False,False,False
98,المادة 98 يتوقف ءثر توقيف ءو سحب رخصة السياقة المقرر من قبل اءلدارة وفقا ءلحكام المواد 95 و96 و97 ءعاله، كيفما كانت مدته، بعد ءي قرار بالحفظ تصدره النيابة العامة ءو ءذا ءصبح قابال للتنفيذ،,sanction,non_precise,,,"arret, permis, stationnement",True,False,False
99,المادة 99 طبقا ءلحكام,autre,non_precise,,,aucun,False,False,False
29,المادة 29 من هذا القانون، تقوم، بقوة القانون، السلطة المحدثة لديها الجذاذية الوطنية لرخصة السياقة المشار ءليها في,autre,non_precise,,,permis,False,False,False
120,المادة 120 ءدناه بخصم النقط من الرصيد المخصص لرخصة السياقة، في الحاالت المشار ءليها في ءلفقرة اءلولى من,sanction,non_precise,,,aucun,True,False,False
28,المادة 28 ءعاله، بناا على نسخ مقررات قضاءية حازت قوة ال ضيا المق ضي به، تحيلها عليها النيابة العامة ءو نسخ الوثاءق التي تثبت ءداا الغرامة التصالحية والجزافية، وفقا ملا يلي :,sanction,non_precise,,,"alcool, permis, alcootest",True,False,False
207,المادة 207 ءدناه ءو للتحققات 6 ءو الختبارات الكشف المنصوص عليها في المادتين 208 و 213 ءدناه. 08 سياقة مركبة تحت تءثير اءلدوية التي تحظر السياقة بعد تنءولها. 2,autre,non_precise,,6.0,"arret, stationnement, signalisation, permis, autoroute, vitesse, depassement, telephone, ceinture",False,False,True
100,المادة 100 استثناا من ءحكام,autre,non_precise,,,aucun,False,False,False
99,المادة 99 ءعاله، وفي حالة تعدد الجنح المرتكبة في ءءن وءحد من بينها جنحة وءحدة من الجنح المشار ءليها في 1 و3 و5 من,autre,non_precise,,,aucun,False,False,False
99,المادة 99 ءعاله، فءن عدد النقط الواجب خصمها من رصيد النقط يساوي 16 نقطة على اءلكثر، وفي حالة تعدد الجنح اءلخرى المرتكبة في ءءن وءحد فءن عدد النقط الواجب خصمها من رصيد النقط يساوي 10 نقط على اءلكثر.,sanction,non_precise,,,aucun,True,False,False
101,المادة 101 اليمكن توقيف المركبات ءو ءيداعها بالمحجز ءال في الحاالت ووفق الشروط المنصوص عليها في هذا القانون.,autre,non_precise,,,aucun,False,False,False
102,المادة 102 توقيف المركبة هو اءلمر الذي يصدره العون محرر المحضر، احتياطيا، للساءق بتوقيف مركبته في مكان معاينة المخءلفة ءو على مقربة منه، مع التقيد بالقواعد المتعلقة بالتوقف.,autre,non_precise,,,"arret, stationnement",False,False,False
103,المادة 103 عالوة على الحاالت المنصوص عليها في القانون، يجب اءلمر بتوقيف المركبة في الحاالت التالية : 1 عدم اءلدالا برخصة السياقة ؛,obligation,poids_lourd,,,"permis, alcootest, vitesse, alcool, depassement",False,False,False
207,المادة 207 ءدناه ءو للتحققات ءو الختبارات الكشف المنصوص عليهما في المادتين 208 و213 ءدناه ؛ 24 عدم اءلدالا ببطاقة الساءق المنهي في حالة السياقة المهنية.,autre,non_precise,,,aucun,False,False,False
104,المادة 104 يتم توقيف المركبة، كما هو معرف في,autre,non_precise,,,aucun,False,False,False
102,المادة 102 ءعاله، حسب الحاالت، على النحو التالي : 1 يصدر اءلمر بتوقيف المركبة ءلى حين انتهاا المخءلفة في الحاالت المشار ءليها في البنود من 1 ءلى غاية 14 وفي البنود من 18 ءلى 22 من,autre,non_precise,,,aucun,False,False,False
103,المادة 103 ءعاله ؛ 2 يصدر اءلمر بتوقيف المركبة في الحاالت المشار ءليها في البنود من 15 ءلى 17 وفي البند 23 من,autre,non_precise,,,aucun,False,False,False
103,المادة 103 ءعاله، ءلى حين حضور ساءق حاصل على رخصة سياقة من نفس الصنف، يقترحه المخءلف ءو عند االقتضاا مالك المركبة، للقيام بسياقتها ؛ 3 في الحاالت المشار ءليها في البند 10 من,autre,non_precise,,,aucun,False,False,False
103,المادة 103 ءعاله، ءذا تعلق اءلمر بانعدام ءو عدم مطابقة جهاز قياس السرعة وزمن السياقة، يتم توقيف المركبة ءلى حين ءدالا المخءلف بما يثبت شرااه للجهاز وتسلمه له. وفي حالة ءثبات ذلك يتم االحتفاظ بشهادة تسجيل المركبة مقابل وصل يعتبر بمثابة ءذن,obligation,non_precise,,,vitesse,False,False,False
103,المادة 103 ءو ءلى حين حضور ساءق حاصل على بطاقة ساءق منهي من نفس الصنف يقترحه المخءلف ءو مالك المركبة، للقيام بسياقتها.,autre,non_precise,,,aucun,False,False,False
103,المادة 103 ءعاله، يجب ءن ينص اءلذن بتوقيف المركبة على تقديم المركبة ملراقبة تقنية في مركز للمراقبة التقنية من اختيار الساءق. وفي هذه الحالة، يسلم العون محرر المحضر للساءق وصال بمثابة ءذن بالسياقة ملدة سبعة 7 ءيام يتضمن البيانات المتعلقة,obligation,non_precise,,,aucun,False,False,False
105,المادة 105 يمكن تنفيذ قرار التوقيف الناتج عن مخءلفة تتعلق بالحاالت المشار ءليها في البنود من 5 ءلى 9 وفي البنود 11 و12 و14 من,autre,non_precise,,,aucun,False,False,False
103,المادة 103 ءعاله، في مكان يستطيع فيه ساءق المركبة الحصول على وساءل ءنهاا المخءلفة. وال تجوز ممارسة هذه اءلمكانية، ءال ءذا كان من المتيسر اقتياد المركبة ءلى هذه اءلمكنة وفق شروط السالمة. ويجوز اءلذن كذلك للساءق في االستعانة بمنهي مءهل ءلزاحة مركبته قصد,autre,non_precise,,,aucun,False,False,False
107,المادة 107 بعده، ءال بعد اءلدالا بشهادة تثبت ءن اءلصالحات قد تمت وفق الشكل المطلوب، تسلمها ءما اءلدارة ءو مركز للمراقبة التقنية مرخص من قبل اءلدارة.,autre,non_precise,,,aucun,False,False,False
106,المادة 106 يتم توقيف المركبة على النحو التالي، فيما يخص الحاالت المشار ءليها في البنود 18 و19 و20 من,autre,non_precise,,,aucun,False,False,False
103,المادة 103 ءعاله : 1 يجب عند تجاوز عدد الركاب المءذون به في حالة النقل الجماعي لءلشخاص، نقل اءلشخاص الزاءدين وفق ءحكام ءلفقرة اءلخيرة من,obligation,transport_commun,,,depassement,False,False,False
104,المادة 104 ءعاله، وال يمكن السماح للمركبة الموقوفة بمواصلة السير ءلى حين ضمان وساءل النقل الضرورية لنقل اءلشخاص الزاءدين ؛ 2 ءذا تم ءثبات ارتكاب مخءلفة تتعلق بتجاوز الوزن اءلجمالي المءذون به للمركبة محملة ءو بتجاوز,autre,"transport_commun, poids_lourd",,,"arret, depassement, stationnement",False,False,False
107,المادة 107 ءذا لم يتم ءنهاا المخءلفة التي بررت التوقيف، وقت مغادرة العون محرر المحضر ملكان ءيقاف المركبة، يقوم هذا العون برفع اءلمر ءلى اءلدارة التابع لها مع تسليمها شهادة التسجيل ءو رخصة,obligation,non_precise,,,aucun,False,False,False
108,المادة 108 يرفع التوقيف، ما لم توجد ءحكام مخءلفة: 1 في عين المكان، من قبل العون محرر المحضر، الذي ءمر به وذلك فور ءنهاا المخءلفة ؛,autre,non_precise,,,aucun,False,False,False
107,المادة 107 ءعاله، بمجرد ما يثبت الساءق انتهاا المخءلفة. وترجع ءلى المخءلف عندءذ، الوثاءق المشار ءليها في نفس المادة.,autre,non_precise,,,aucun,False,False,False
109,المادة 109 ءذا لم يثبت المخءلف انتهاا المخءلفة، داخل ءجل اثنتين وسبعين 72 ساعة، من ساعة توقيف المركبة، ومع مراعاة ءحكام البندين 3 و5 من,autre,non_precise,,,aucun,False,False,False
104,المادة 104 ءعاله، وجب على السلطة التابع لها العون محرر المحضر الذي عاين المخءلفة، تحويل التوقيف ءلى ءيداع في المحجز. وتحرر السلطة عندءذ محضرا باءليداع في المحجز مرفقا بنسخة من جذاذة التوقيف .,autre,non_precise,,,aucun,False,False,False
103,المادة 103 ءعاله، يمدد اءلجل المذكور في ءلفقرة اءلولى ءلى سبعة ءيام. ءلفرع الثاني,autre,non_precise,,,aucun,False,False,False
110,المادة 110 اءليداع في المحجز هو تنقيل مركبة ءو جزا من مركبة متمفصلة موضوع مخءلفة، ءلى مكان يعينه العون محرر المحضر ءو السلطة المختصة ءو السلطة القضاءية وحراستها فيه، قصد االحتفاظ بها في,obligation,non_precise,,,aucun,False,False,False
111,المادة 111 عالوة على الحاالت المنصوص عليها في القانون، يصدر ضابط الشرطة القضاءية ءو العون محرر المحضر فورا ءو السلطة القضاءية اءلمر باءليداع في المحجز، في الحاالت التالية :,obligation,poids_lourd,,,"arret, stationnement, permis, vitesse, depassement",False,False,False
112,المادة 112 عالوة على الحاالت المنصوص عليها في القانون، ومع مراعاة ءال يكون قد صدر ءي مقرر قضاءي بءيداع المركبة بالمحجز ءو بحجزها، تءمر اءلدارة، بعد االطالع على محضر المخءلفة، بءيداع المركبات بالمحجز في,autre,poids_lourd,,,"depassement, vitesse",False,False,False
104,المادة 104 ءعاله ؛ 5 عدم اءلدالا بما يفيد ءصالح الجهاز المذكور في البند 4 ءعاله خالل اءءلجال المحددة في ءلفقرة الثانية من,autre,non_precise,,,aucun,False,False,False
104,المادة 104 للقيام باءلصالحات ءلالزمة ؛ 6 مركبة نقل البضاءع لحساب الغير ءو للحساب الخاص، التي تسير بدون ترخيص. 7 امتناع كل ساءق مركبة يقوم بنقل البضاءع ءو بالنقل الجماعي لءلشخاص من تنفيذ اءلمر,autre,poids_lourd,,,"arret, stationnement",False,False,False
112,المادة 112 1 عالوة على الحاالت المنصوص عليها في القانون، يصدر ضابط الشرطة القضاءية ءو العون محرر المحضر فورا اءلمر باءليداع في المحجز، في الحاالت التالية :,sanction,non_precise,,1.0,"arret, stationnement",True,False,True
113,المادة 113 يجب على العون محرر المحضر، الذي ءعد محضر معاينة المخءلفة المبررة لءليداع في المحجز، ءن يحيل اءلمر على ضابط الشرطة القضاءية المختص من حيث المكان ءو على السلطة التابع لها العون,definition,non_precise,,,aucun,False,False,False
107,المادة 107 ءعاله، وءلى ساعة طلب المركبة المكلفة باءلزاحة ؛ 5 اءلذن للمخءلف ءو ملالك المركبة الصادر اءلمر بءيداعها في المحجز، ءذا كانت محملة، القيام بمنءقلة الحمولة على مركبة مالءمة ومرخص لها قانونا على نفقته وتحت مسءوليته التي تظل قاءمة,definition,non_precise,,,aucun,False,False,False
104,المادة 104 ءعاله. يعد عدم قيام مالك المركبة ءو ساءقها بتسليم الوثاءق السءلفة الذكر، فورا، بعد التبليغ الموجه ءليه لهذا الغرض، بمثابة عدم امتثال لءلوءمر.,obligation,non_precise,,,permis,False,False,False
114,المادة 114 ءذا ءودع الساءق ءو المالك ءو المسءول المدني المركبة بالمحجز، وجب عليه ءن يسلم ءلى حارس المحجز اءلمر باءليداع، الذي يعده العون محرر المحضر ءو اءلدارة، ويتسلم من الحارس المذكور,obligation,non_precise,,,aucun,False,False,False
115,المادة 115 ال يمكن ءصالح المركبة المودعة في المحجز بسبب سوا حالتها الميكانيكية التي ال تسمح بالسير وفق شروط السالمة العادية، ءال بعد انقضاا مدة اءليداع.,autre,non_precise,,,aucun,False,False,False
116,المادة 116 يجب ءزاحة المركبة المودعة في المحجز، لعدم توفرها على وثيقة المراقبة التقنية ءو لعدم صالحية هذه اءلخيرة، ونقلها ءلى ءقرب مركز للمراقبة التقنية، بواسطة مركبة مرخص لها، ءلخضاعها ءلى,obligation,non_precise,,,aucun,False,False,False
117,المادة 117 يتحمل مالك المركبة ءو المسءول المدني عنها مصاريف اءلزاحة والحراسة في المحجز والخبرة. الباب الرابع,autre,non_precise,,,aucun,False,False,False
118,المادة 118 يتعرض كل مالك ءو حاءز ملركبة ال يتقيد باءلجل المنصوص عليه في المادتين 59 و60 ءعاله لغرامة ءدارية مبلغها خمسماءة 500 درهم مع غرامة ءضافية نسبتها 10 من مبلغ الغرامة عن كل شهر,sanction,non_precise,500.0,,aucun,True,True,False
119,المادة 119 كل مالك مركبة ءجنبية، التتوفر على رقم تسجيل مغربي، يقوم بعملية النقل بين نقطتين داخل التراب المغربي، دون ترخيص خاص مسلم من قبل مصالح السلطة الحكومية المكلفة بالنقل، يعاقب,sanction,poids_lourd,5000.0,,aucun,True,True,False
120,المادة 120 تحدث جذاذيتان ءداريتان تتعلق اءلولى برخص السياقة والثانية بالمركبات، تسميان تباعا الجذاذية الوطنية لرخصة السياقة و الجذاذية الوطنية للمركبة تسجل فيهما تلقاءيا المعطيات,autre,non_precise,,,permis,False,False,False
121,المادة 121 تهدف الجذاذيتان المحدثتان بهذا القانون ءلى تمكين : اءلشخاص المعنيين بالمعطيات التي تم تجميعها، من التوفر على معلومات حول وضعية رخصة,autre,non_precise,,,aucun,False,False,False
125,المادة 125 بعده، الكشف عن ءية معلومة مسجلة في الجذاذيتين ءو ءفشاءها، باستثناا الحاالت المقررة صراحة في هذا القانون.,autre,non_precise,,,aucun,False,False,False
122,المادة 122 تختص السلطة الحكومية المكلفة بالنقل ءو الموظفون المنتدبون من لدنها لهذا الغرض، والمنشورة قاءمتهم في الجريدة الرسمية، وحدهم بءصدار اءلمر ءو القيام ءو العمل على القيام، تحت مسءوليتهم،,autre,non_precise,,,aucun,False,False,False
123,المادة 123 يجب على السلطة المختصة، عندما تتلقى المعطيات الواجب تسجيلها، ءن تخبر بذلك اءلشخاص المعنيين، مع بيان حقهم في االطالع والتصحيح المخول لهم بموجب هذا القانون وكيفيات ممارسة,obligation,non_precise,,,aucun,False,False,False
124,المادة 124 يمكن ءن تعالج المعلومات والمعطيات التي تم تجميعها تطبيقا لهذا القانون، بطريقة ءءلية، وفقا للقواعد التي تحددها اءلدارة.,autre,non_precise,,,aucun,False,False,False
125,المادة 125 يلزم اءلشخاص المكلفون، بءي صفة من الصفات، بمسك الجذاذيتين بكتمان السر المنهي، وفقا ءلحكام ءلفصل 446 من القانون الجناءي وتحت طاءلة العقوبات المقررة فيه.,autre,non_precise,446.0,,aucun,False,True,False
126,المادة 126 يعاقب بالحبس من ثالثة ءشهر ءلى ثالث سنوات وبغرامة من ءلفين 2000 ءلى خمسة ءءءلف 5000 درهم على القيام، بسوا نية، بتسجيل ءدانة قضاءية ءو قرار ءداري في الجذاذية الوطنية لرخصة,sanction,non_precise,5000.0,,aucun,True,True,False
127,المادة 127 بصرف النظر عن العقوبة اءلشد، يعاقب بالحبس من شهر ءلى ستة ءشهر وبغرامة من ءلفين 2000 ءلى خمسة ءءءلف 5000 درهم ءو بءحدى هاتين العقوبتين فقط، على كل انتحال السم ءو صفة قصد,sanction,non_precise,5000.0,,permis,True,True,False
128,المادة 128 تقوم السلطات المختصة ءو تعمل على القيام، طبقا ءلحكام,autre,non_precise,,,aucun,False,False,False
122,المادة 122 ءعاله ووفق الشروط والكيفيات التي تحددها اءلدارة، بتسجيل المعطيات المتعلقة برخصة السياقة، في الجذاذية الوطنية لرخصة السياقة، وخاصة منها :,sanction,non_precise,,,permis,True,False,False
129,المادة 129 يجب محو المعلومات المتعلقة باءلدانات القضاءية الصادرة في شءن رخصة السياقة عند انصرام ءءجال رد االعتبار المنصوص عليها في القانون المتعلق بالمسطرة الجناءية .,sanction,non_precise,,,permis,True,False,False
35,المادة 35 من هذا القانون.,autre,non_precise,,,aucun,False,False,False
130,المادة 130 يحق لصاحب رخصة السياقة االطالع على الكشف الكالم للبيانات المتعلقة به وتسلم نسخة منه بطلب منه. وله ءن يطلب تصحيح المعطيات المغلوطة ءو محو المعطيات وفق الشروط المنصوص عليها,autre,non_precise,,,permis,False,False,False
131,المادة 131 يسلم كشف البيانات الشخصية المتعلقة برخصة السياقة، ءلى السلطات التالية، بناا على طلبها : 1 السلطات القضاءية ؛,autre,non_precise,,,permis,False,False,False
132,المادة 132 تبلغ المعلومات المتعلقة بوجود رخصة السياقة وصنفها وصالحيتها وبهوية صاحبها، بناا على طلبهم، ءلى :,autre,non_precise,,,"alcool, permis",False,False,False
133,المادة 133 تقوم السلطات المختصة ءو تعمل على القيام، طبقا ءلحكام,autre,non_precise,,,aucun,False,False,False
122,المادة 122 ءعاله ووفق الشروط والكيفيات التي تحددها اءلدارة، بتسجيل المعطيات المتعلقة بالمركبات في الجذاذية الوطنية للمركبة، خاصة منها : 1 المعلومات المتعلقة بهوية المالك وعنوانه ورقم بطاقته الوطنية وجنسيته ومهنته وعند االقتضاا،,autre,poids_lourd,,,aucun,False,False,False
134,المادة 134 يحق لصاحب شهادة التسجيل ءو سند الملكية االطالع على الكشف الكالم للبيانات المتعلقة بمركبته وتسلم نسخة منه بطلب منه. وله ءن يطلب تصحيح المعطيات المغلوطة ءو محو المعطيات,autre,non_precise,,,aucun,False,False,False
135,المادة 135 تبلغ المعلومات والمعطيات المشار ءليها في,autre,non_precise,,,aucun,False,False,False
133,المادة 133 ءعاله، بناا على طلبهم، ءلى: 1 محامي ءو وكيل صاحب شهادة تسجيل ءو سند ملكية المركبة ؛ 2 السلطات القضاءية ؛,autre,non_precise,,,aucun,False,False,False
136,المادة 136 تبلغ المعلومات المتعلقة بشهادات التسجيل ءو سند الملكية والخصاءص التقنية للمركبة، ءلجل ممارسة مهامهم وبناا على طلبهم ءلى :,obligation,non_precise,,,aucun,False,False,False
138,المادة 138 تحدد على النحو التالي ءنواع المخءلفات ءلحكام هذا القانون وللنصوص الصادرة لتطبيقه : الجنح ؛,autre,non_precise,,,aucun,False,False,False
139,المادة 139 استثناا من ءحكام ءلفصل 18 من القانون الجناءي، تعتبر الغرامات المنصوص عليها في هذا القانون للمعاقبة على المخءلفات ءلحكامه وءلحكام النصوص الصادرة لتطبيقه. ما عدا الغرامات المحددة في,sanction,non_precise,,,aucun,True,False,False
140,المادة 140 يكون كل ساءق مسءوال جناءيا عما يرتكبه من مخءلفات ءلحكام هذا القانون والنصوص الصادرة لتطبيقه.,autre,non_precise,,,aucun,False,False,False
141,المادة 141 ءذا ارتكبت مخءلفة ءلحكام هذا القانون والنصوص الصادرة لتطبيقه، بواسطة مركبة مسجلة في اسم شخص ذاتي ولم يتم التعرف على هوية الساءق ءثناا معاينة المخءلفة، ءو تعذر التعرف عليه فيما,sanction,non_precise,,,aucun,True,False,False
142,المادة 142 ءذا ارتكبت مخءلفة ءلحكام هذا القانون والنصوص الصادرة لتطبيقه، بواسطة مركبة مسجلة في اسم شخص معنوي، ولم يتم التعرف على هوية الساءق ءثناا معاينة المخءلفة، ءو تعذر التعرف عليه,obligation,non_precise,,,aucun,False,False,False
143,المادة 143 يكون مالك المركبة ءو الشاحن ءو النءقل للبضاءع ءو لءلشخاص عبر الطرق ءو الوكيل بالعمولة ءو المرسل ءو المرسل ءليه ءو كل مصدر ءءخر لءلمر، الذي ءحدث ءو ساهم في ءحداث وضعية مسببة,sanction,non_precise,,5.0,aucun,True,False,True
144,المادة 144 يكون كل مالك مركبة ءو حيوانات مسءوال عن الغرامات والتعويض عن الضرر والمصاريف التي يمكن ءن يحكم بها على تابعه، بموجب هذا القانون، من ءجل مخءلفة مرتكبة ءثناا القيام بالمهام التي,autre,non_precise,,,aucun,False,False,False
145,المادة 145 عندما يحرر ءكثر من محضر لساءق بشءن مخءلفة تتعلق بعيوب ميكانيكية في المركبة ءو في معداتها، ماعدا العيوب المتعلقة بءجهزة السالمة، فال يجوز معاقبته ءال مرة وءحدة من ءجل ارتكاب نفس,autre,non_precise,,,aucun,False,False,False
146,المادة 146 استثناا من ءحكام ءلفصل 121 من القانون الجناءي، عندما تتم معاينة عدة مخءلفات ضد نفس الشخص، تضم العقوبات المالية المقررة بالنسبة ءلى كل جنحة وكل مخءلفة.,autre,non_precise,,,aucun,False,False,False
147,المادة 147 ال يمكن نقل ملكية ءية مركبة، ما لم يقرر القضاا خءلف ذلك، ءو تحصيل الضريبة الخصوصية السنوية على السيارات ءو الرسم على محور المحرك ءال بعد ءثبات ءداا الغرامات الصادر في شءنها على,autre,non_precise,,,permis,False,False,False
148,المادة 148 دون اءلخالل بالعقوبات اءلشد ومع مراعاة ءحكام,autre,non_precise,,,aucun,False,False,False
149,المادة 149 بعده، يعاقب بغرامة من ءلفين 2.000 ءلى ءربعة ءءءلف 4.000 درهم، كل شخص : 1 يسوق مركبة تتطلب سياقتها الحصول على رخصة سياقة دون ءن يكون حاصال على تلك الرخصة.,sanction,non_precise,,2.0,permis,True,False,True
149,المادة 149 في الحاالت المشار ءليها في,autre,non_precise,,,aucun,False,False,False
148,المادة 148 ءعاله، توقف المركبة في مكانها ءلى ءن يقوم بسياقتها ساءق حاصل على رخصة سياقة من نفس صنف المركبة يقترحه المخءلف ءو، عند االقتضاا، مالك المركبة ءو حاءزها. وءذا تعذر ذلك، جاز لءلعوان محرري المحاضر اتخاذ كافة التدابير الضرورية ءليداع,autre,non_precise,,,"arret, stationnement",False,False,False
150,المادة 150 في ماعدا الحاالت المنصوص عليها في ءلفصل 361 من القانون الجناءي ودون اءلخالل بالعقوبات اءلشد، يعاقب بالحبس من شهر وءحد ءلى ستة 6 ءشهر وبغرامة من خمسة ءءءلف درهم 5.000 ءلى,sanction,non_precise,,20.0,aucun,True,False,True
151,المادة 151 يعاقب بالحبس من ستة 6 ءشهر ءلى ثالث 3 سنوات وبغرامة من ءلفين 2.000 ءلى خمسة ءءءلف 5.000 درهم، كل شخص :,sanction,non_precise,,5.0,"permis, alcootest",True,False,True
152,المادة 152 يعاقب بغرامة من ءلفي 2.000 درهم ءلى ثمانية ءءءلف 8.000 درهم، كل شخص صدر في حقه مقرر قضاءي حاءز لقوة ال ضيا المق ضي به ءو قرار ءداري بتوقيف رخصة السياقة ءو بسحبها ءو بءلغاءها:,sanction,non_precise,,2.0,permis,True,False,True
152,المادة 152 1 يعاقب بغرامة من ءلف 1.000 درهم ءلى ءربعة ءءءلف 4.000 درهم، كل شخص لم يسلم رخصة السياقة التي نفذ رصيد النقط المخصص لها، ءلى مصالح اءلدارة، داخل اءلجل المحدد له طبقا ءلحكام,sanction,non_precise,,1.0,aucun,True,False,True
32,المادة 32 من هذا القانون.,autre,non_precise,,,aucun,False,False,False
153,المادة 153 ءذا كان المخءلف وقت ارتكابه ءحدى المخءلفات المنصوص عليها في,autre,non_precise,,,aucun,False,False,False
152,المادة 152 ءعاله، قد صدر في حقه مقرر قضاءي حاءز لقوة ال ضيا المق ضي به بتوقيف رخصة السياقة، فعلى المحكمة المختصة تحويل توقيف الرخصة ءلى ءلغاا، مع المنع من التقدم المتحان الحصول على رخصة سياقة جديدة خالل مدة تتراوح,autre,non_precise,,,permis,False,False,False
154,المادة 154 يعاقب بالحبس من ستة 6 ءشهر ءلى ثالث 3 سنوات وبغرامة من ءلف وماءتي 1.200 درهم ءلى خمسة ءءءلف 5.000 درهم كل شخص يسوق برخصة سياقة مزورة مركبة تتطلب سياقتها الحصول,sanction,non_precise,200.0,6.0,aucun,True,True,True
155,المادة 155 يعاقب بغرامة من ءلفين 2.000 ءلى خمسة ءءءلف 5.000 درهم كل شخص استعمل رخصة السياقة الخاصة به بصفة مهنية دون ءن يكون حاصال على بطاقة ساءق منهي.,sanction,non_precise,,2.0,"arret, permis, stationnement",True,False,True
156,المادة 156 يعاقب بغرامة من خمسة عشر ءلف 15.000 ءلى ثالثين ءلف 30.000 درهم عن كل مركبة، كل صانع مركبات ءو وكيل ءو مستورد ءو مالك لها :,sanction,poids_lourd,,15.0,aucun,True,False,True
157,المادة 157 يعاقب بغرامة من خمسة ءءءلف 5.000 ءلى ثالثين ءلف 30.000 درهم، كل صانع مركبات ءو كل وكيل ءو مستورد ءو مالك لها رفض ءخضاع مركبته، التي ءدخل تغييرا على خصاءصها التقنية،,sanction,non_precise,,5.0,"arret, stationnement",True,False,True
158,المادة 158 يعاقب على ءعادة استخدام كل مركبة خاضعة للتسجيل ءصيبت بءضرار خطيرة دون تقديم تقرير خبرة بشءنها ودون المصادقة عليها بغرامة :,sanction,poids_lourd,500.0,1.0,aucun,True,True,True
159,المادة 159 يعاقب على االستمرار في استخدام مركبة، على الطريق العمومية، خاضعة للتسجيل بمقت ضى ءحكام هذا القانون، غير قابلة لءلصالح تقنيا والمسحوبة شهادة تسجيلها، بغرامة :,sanction,poids_lourd,500.0,1.0,aucun,True,True,True
160,المادة 160 يعاقب بغرامة من ءلفين 2.000 ءلى ستة ءءءلف 6.000 درهم، كل من استخدم مركبة خاضعة للتسجيل ءو خاضعة لسند الملكية دون الحصول على شهادة التسجيل ءوعلى سند الملكية. وتودع,sanction,non_precise,,2.0,aucun,True,False,True
161,المادة 161 يعاقب بغرامة من ءلفين 2.000 ءلى اثني عشر ءلف 12.000 درهم، كل ساءق مركبة، خاضعة للتسجيل، ال تحمل صفاءح التسجيل ءو خاضعة لسند الملكية ال تحمل الرقم الترتيبي وكل مالك ءو,sanction,non_precise,,2.0,aucun,True,False,True
162,المادة 162 يعاقب بالحبس من ستة 6 ءشهر ءلى ثالث 3 سنوات وبغرامة من ءلفين 2.000 ءلى خمسة ءءءلف 5.000 درهم :,sanction,non_precise,,5.0,aucun,True,False,True
162,المادة 162 1 يعاقب بغرامة من ثالثين ءلف 30.000 ءلى ستين ءلف 60.000 درهم، كل شخص غير معتمد من قبل اءلدارة طبقا ءلحكام المادتين61 1 و65 ءعاله :,sanction,non_precise,,1.0,aucun,True,False,True
163,المادة 163 يعاقب بغرامة من ثالثة ءءءلف 3.000 ءلى خمسة ءءءلف 5.000 درهم عن عدم تقديم التصريح المنصوص عليه في,sanction,non_precise,,3.0,aucun,True,False,True
62,المادة 62 ءعاله.,autre,non_precise,,,aucun,False,False,False
164,المادة 164 يعاقب بالحبس من شهر وءحد ءلى ستة 6 ءشهر وبغرامة من خمسة ءءءلف 5.000 ءلى اثني عشر ءلف 12.000 درهم ءو بءحدى هاتين العقوبتين فقط، كل مسءول عن استغالل مركبة لنقل,sanction,non_precise,,6.0,vitesse,True,False,True
164,المادة 164 1 يعاقب بغرامة من ماءة ءلف 100.000 ءلى ماءتي ءلف 200.000 درهم، كل مشغل لساءق مركبة لنقل البضاءع ءو مركبة للنقل الجماعي لءلشخاص خاضعة ءلجبارية تجهيزها بجهاز قياس السرعة وزمن,sanction,poids_lourd,200.0,1.0,vitesse,True,True,True
165,المادة 165 يمنع وضع ءو تكييف ءو استعمال ءو تركيب ءءلة ءو جهاز ءو مادة معدة ءما لكشف وجود ءداة مستعملة ملعاينة المخءلفات ءلحكام هذا القانون والنصوص الصادرة لتطبيقه وءما لءلخالل بسير تلك اءلداة.,sanction,non_precise,,10.0,aucun,True,False,True
166,المادة 166 دون اءلخالل بالعقوبات اءلشد، يعاقب بغرامة من خمسة ءءءلف 5.000 ءلى عشرة ءءءلف 10.000 درهم، على ما يلي :,sanction,non_precise,,,aucun,True,False,False
166,المادة 166 1 كل ساءق ثبتت مسءوليته عن حادثة سير وتسبب للغير، نتيجة هذه الحادثة، عن غير عمد، بعدم تبصره ءو عدم احتياطه ءو عدم انتباهه ءو ءهماله ءو عدم مراعاته ءلحد التزامات السالمة ءو الحيطة,sanction,non_precise,3000.0,1.0,"arret, stationnement, signalisation, permis, alcootest, vitesse, alcool, depassement",True,True,True
166,المادة 166 2 يتعرض مرتكبو المخءلفات المنصوص عليها من 2 ءلى 6 من ءلفقرة الثانية من,autre,non_precise,,2.0,aucun,False,False,True
166,المادة 166 1 ءعاله، لتوقيف رخصة السياقة ملدة ءقصاها شهر. يتعرض مرتكبو المخءلفات المنصوص عليهما في 1 و7 من ءلفقرة الثانية من,autre,non_precise,,1.0,permis,False,False,True
166,المادة 166 1 ءعاله، لتوقيف رخصة السياقة ملدة سنة ءلى سنتين. وال ترجع رخصة السياقة من قبل اءلدارة ءال بعد اءلدالا بما يفيد خضوعه لدورة في التربية على,autre,non_precise,,1.0,permis,False,False,True
166,المادة 166 1 ءعاله. يتعرض ءيضا مرتكبو المخءلفات المنصوص عليها في ءلفقرة الثانية من,autre,non_precise,,1.0,aucun,False,False,True
166,المادة 166 1 ءعاله للعقوبة اءلضافية المتعلقة بنشر ءو تعليق الحكم المشار ءليه في ءلفصل 48 من القانون الجناءي ءو هما معا. ءذ ثبتت المسءولية الجناءية للممثل القانوني لشخص معنوي في ارتكاب المخءلفات المنصوص عليها,autre,non_precise,,1.0,aucun,False,False,True
166,المادة 166 1 ءعاله، جاز الحكم عليه بالعقوبة اءلضافية المتعلقة بنشر ءو تعليق الحكم المشار ءليه في ءلفصل 48 من القانون الجناءي ءو هما معا. ءلفرع الثالث,autre,non_precise,,,aucun,False,False,False
167,المادة 167 كل ساءق ثبتت مسءوليته عن حادثة سير وتسبب للغير، نتيجة هذه الحادثة، عن غير عمد، بعدم تبصره ءو عدم احتياطه ءو عدم انتباهه ءو ءهماله ءو عدم مراعاته ءلحد التزامات السالمة ءو الحيطة,sanction,non_precise,200.0,1.0,"arret, stationnement, signalisation, permis, alcootest, vitesse, alcool, depassement",True,True,True
168,المادة 168 يتعرض مرتكبو المخءلفات المنصوص عليها في,autre,non_precise,,,aucun,False,False,False
167,المادة 167 لتوقيف رخصة السياقة ملدة 3 ءشهر. غير ءنه في الحاالت المنصوص عليها في 2 ءلى 6 من ءلفقرة الثانية من,autre,non_precise,,3.0,permis,False,False,True
167,المادة 167 ءعاله، تحدد مدة التوقيف في ستة 6 ءشهر ءلى سنة، وفي الحالتين المنصوص عليهما في 1 و7 من ءلفقرة الثانية من,autre,non_precise,,,aucun,False,False,False
167,المادة 167 ءعاله، تحدد مدة التوقيف المذكور في سنة ءلى سنتين. وال ترجع الرخصة في هذه الحاالت ءال بعد اءلدالا بما يفيد الخضوع لدورة في التربية على السالمة الطرقية.,autre,non_precise,,,aucun,False,False,False
167,المادة 167 ءعاله للعقوبة اءلضافية المتعلقة بنشر ءو تعليق الحكم المشار ءليه في ءلفصل 48 من القانون الجناءي ءو هما معا. ءذا ثبتت المسءولية الجناءية للممثل القانوني لشخص معنوي في ارتكاب المخءلفات المنصوص عليها,autre,non_precise,,,aucun,False,False,False
167,المادة 167ءعاله، جاز الحكم عليه بالعقوبة اءلضافية المتعلقة بنشر ءو تعليق الحكم المشار ءليه في ءلفصل 48 من القانون الجناءي ءو هما معا.,autre,non_precise,,,aucun,False,False,False
169,المادة 169 كل ساءق ثبتت مسءوليته عن حادث سير وتسبب للغير، نتيجة هذه الحادثة عن غير عمد، بعدم تبصره ءو عدم احتياطه ءو عدم انتباهه ءو ءهماله ءو عدم مراعاته ءلحد التزامات السالمة ءو الحيطة,sanction,non_precise,,10.0,"arret, stationnement, signalisation, permis, alcootest, vitesse, alcool, depassement",True,False,True
170,المادة 170 يتعرض مرتكبو المخءلفات المنصوص عليها في,autre,non_precise,,,aucun,False,False,False
169,المادة 169 ءعاله ملا يلي : 1 توقيف رخصة السياقة ملدة ثالثة ءشهر ءلى سنة ؛ 2 في الحاالت المنصوص عليها في ءلفقرة الثانية من,autre,non_precise,,,permis,False,False,False
169,المادة 169 ءعاله، ءلغاا رخصة السياقة مع المنع من اجتياز امتحان الحصول على رخصة جديدة، خالل مدة سنة ءلى سنتين ؛ 3 ءلزامية الخضوع، على نفقتهم، لدورة في التربية على السالمة الطرقية.,autre,non_precise,,,permis,False,False,False
169,المادة 169 ءعاله للعقوبة اءلضافية المتعلقة بنشر ءو تعليق الحكم المشار ءليه في ءلفصل 48 من القانون الجناءي ءو هما معا. ءذا ثبتت المسءولية الجناءية للممثل القانوني لشخص معنوي في ارتكاب المخءلفات المنصوص عليها,autre,non_precise,,,aucun,False,False,False
169,المادة 169 ءعاله، جاز الحكم عليه بالعقوبة اءلضافية المتعلقة بنشر ءو تعليق الحكم المشار ءليه في ءلفصل 48 من القانون الجناءي ءو هما معا.,autre,non_precise,,,aucun,False,False,False
171,المادة 171 يخضع لزوما، بءمر من وكيل الملك، لخبرة طبية كل شخص، ضحية حادثة سير ءدلى للمحكمة المختصة بشهادة طبية تبين عجزه عن العمل مءقتا للمدة المشار ءليها في ءلفقرة اءلولى من,autre,non_precise,,,aucun,False,False,False
167,المادة 167 ءعاله ءو تعرضه لعاهة مستديمة كما هو مبين في ءلفقرة اءلولى من,autre,non_precise,,,aucun,False,False,False
169,المادة 169 ءعاله. ءلفرع الرابع القتل غير العمدي الناتج عن حادثة سير,autre,non_precise,,,aucun,False,False,False
172,المادة 172 كل ساءق ثبتت مسءوليته عن حادثة سير وتسبب، نتيجة هذه الحادثة، بعدم تبصره ءو عدم احتياطه ءو عدم انتباهه ءو ءهماله ءو عدم مراعاته ءلحد التزامات السالمة ءو الحيطة المقررة في هذا,sanction,non_precise,500.0,5.0,"arret, stationnement, signalisation, permis, alcootest, vitesse, alcool, depassement",True,True,True
173,المادة 173 يتعرض مرتكبو المخءلفات المنصوص عليها في,autre,non_precise,,,aucun,False,False,False
172,المادة 172 ءعاله ملا يلي : 1 توقيف رخصة السياقة ملدة سنة ءلى ثالث سنوات ؛ 2 في الحاالت المنصوص عليها في ءلفقرة الثانية من,autre,non_precise,,,permis,False,False,False
172,المادة 172 ءعاله، ءلغاا رخصة السياقة مع المنع من اجتياز امتحان الحصول على رخصة جديدة خالل مدة سنتين ءلى ءربع سنوات ؛ 3 ءلزامية الخضوع على نفقتهم لدورة في التربية على السالمة الطرقية.,autre,non_precise,,,permis,False,False,False
172,المادة 172 ءعاله للعقوبة اءلضافية المتعلقة بنشر ءو تعليق الحكم المشار ءليه في ءلفصل 48 من القانون الجناءي ءو هما معا. ءذا ثبتت المسءولية الجناءية للممثل القانوني لشخص معنوي في ارتكاب المخءلفات المنصوص عليها,autre,non_precise,,,aucun,False,False,False
172,المادة 172 ءعاله، جاز الحكم عليه بالعقوبة اءلضافية المتعلقة بنشر ءو تعليق الحكم المشار ءليه في ءلفصل 48 من القانون الجناءي ءو هما معا.,autre,non_precise,,,aucun,False,False,False
174,المادة 174 يجب على اءلدارة، في حالة عدم توصلها بنسخة من الحكم بتوقيف رخصة السياقة، ءن ترجع الرخصة ءلى صاحبها، عند انصرام المدة القصوى المنصوص عليها في المواد 168 و170 و173 ءعاله.,obligation,non_precise,,,permis,False,False,False
175,المادة 175 يعاقب بغرامة من ءربعة ءءءلف 4.000 ءلى ثمانية ءءءلف 8.000 درهم وبتوقيف رخصة السياقة ملدة تتراوح ما بين شهر وءحد وثالثة ءشهر، كل ساءق ارتكب ءحدى المخءلفات التالية :,sanction,non_precise,,10.0,"permis, depassement, vitesse",True,False,True
176,المادة 176 يعاقب بغرامة من ءلف وماءتين 1.200 ءلى ثالثة ءءءلف 3.000 درهم وبتوقيف رخصة السياقة ملدة تتراوح ما بين شهر وءحد وثالثة ءشهر، كل ساءق ارتكب ءحدى المخءلفات التالية :,sanction,non_precise,,,"permis, depassement, vitesse",True,False,False
177,المادة 177 يعاقب مالك المركبة عن تجاوز الوزن اءلجمالي المءذون به للمركبة محملة، المقيد في شهادة التسجيل، بما يفوق 40 بغرامة من ءلف وماءتين 1.200 ءلى ءلفي 2.000 درهم عن كل طن من الحمولة الزاءدة.,sanction,poids_lourd,,,depassement,True,False,False
178,المادة 178 دون اءلخالل بالعقوبات اءلشد، يعاقب عن تجاوز الوزن المءذون به عند المرور بءحدى منشءءت العبور، بالحبس من شهر ءلى ثالثة ءشهر وبغرامة من ءلف وخمسماءة 1.500 ءلى ءربعة ءءءلف 4.000,sanction,non_precise,,,"permis, depassement",True,False,False
179,المادة 179 يمنع القيام في الطرق السيارة والمسالك الموصلة ءليها بسباقات المركبات ذات محرك ءو التظاهرات الرياضية اءلخرى ءيا كان اسمها.,sanction,voiture_legere,200.0,20.0,aucun,True,True,True
180,المادة 180 يمنع القيام في الطرق السيارة والمسالك الموصلة ءليها بسباقات الرءجلين ءو الدراجات. يعاقب بغرامة من ءلف وماءتين 1.200 ءلى ثالثة ءءءلف 3.000 درهم، كل من خءلف ءحكام ءلفقرة,sanction,voiture_legere,500.0,1.0,aucun,True,True,True
181,المادة 181 دون اءلخالل بالعقوبات التي يتعرض لها ءلي سبب ءءخر، يعاقب بغرامة من ءلف وماءتين 1200 ءلى ءلفي 2000 درهم، كل ساءق وجه ءليه اءلمر بالتوقف من لدن العون محرر المحضر ءو من ءحد,sanction,non_precise,2000.0,,"arret, stationnement",True,True,False
182,المادة 182 دون اءلخالل بءحكام المواد 167 و169 و172 من هذا القانون، يعاقب بالحبس من شهر ءلى ستة ءشهر وبغرامة من ءلفين 2.000 ءلى عشرة ءءءلف 10.000 درهم ءو بءحدى هاتين العقوبتين فقط،,sanction,non_precise,,,"arret, permis, stationnement",True,False,False
183,المادة 183 بتاريخ 7 ذي القعدة 1437 11 ءغسطس 2016 ، ص: 5874 يعاقب بالحبس من ستة 6 ءشهر ءلى سنة وءحدة وبغرامة من خمسة ءءءلف 5.000 ءلى عشرة,sanction,non_precise,,13.0,"alcool, permis, alcootest",True,False,True
207,المادة 207 ءدناه ءو للتحققات ءو الختبارات الكشف المنصوص عليهما في المادتين 208 و213 ءدناه . تسري ءحكام هذه المادة على كل مدرب يرافق الساءق المتعلم. الباب الثالث,autre,non_precise,,,aucun,False,False,False
184,المادة 184 يعاقب كل شخص ارتكب مخءلفة من الدرجة اءلولى بغرامة من سبعماءة 700 ءلى ءلف وءربعماءة 1.400 درهم.,sanction,"transport_commun, poids_lourd",400.0,1.0,"arret, stationnement, signalisation, vitesse, depassement, ceinture",True,True,True
14,المادة 14 ءعاله ؛ 33 عدم تءدية مبلغ اءلداا المعمول به عن استعمال الطرق السيارة الخاضع استعمالها لءلداا بموجب النصوص التشريعية الجاري بها العمل ؛,sanction,voiture_legere,,,"permis, vitesse",True,False,False
185,المادة 185 يعاقب بغرامة من خمسماءة 500 ءلى ءلف 1.000 درهم، كل شخص ارتكب مخءلفة من الدرجة الثانية.,sanction,"voiture_legere, poids_lourd",500.0,1.0,"arret, stationnement, signalisation, feux, permis, vitesse, depassement, telephone, ceinture",True,True,True
186,المادة 186 دون اءلخالل بالعقوبات اءلشد، المنصوص عليها في هذا القانون ءو في نص تشريعي خاص، يعاقب على المخءلفات لءلحكام المقررة تطبيقا للمواد 46 و47 و48 و64 و65 و87 و88 و92 و93 ءعاله و309,sanction,non_precise,600.0,,aucun,True,True,False
187,المادة 187 يعاقب بغرامة من عشرين 20 ءلى خمسين 50 درهما عن كل مخءلفة لقواعد السير المقررة تطبيقا للمادة 94 ءعاله.,sanction,non_precise,,,aucun,True,False,False
188,المادة 188 يعاقب بغرامة من ثالثماءة 300 ءلى ستماءة 600 درهم : 1 كل ساءق ءو حارس لقطعان ءو حيوانات ترك قطعانه ءو حيواناته في الطريق العمومية، ءو سمح,sanction,non_precise,600.0,,aucun,True,True,False
189,المادة 189 ال يعاقب على عدم وجود ءو عدم كفاية ءضواا المركبات، المنصوص عليها في هذا القانون وفي النصوص الصادرة لتطبيقه، ءذا ثبت ءن عدم وجودها ءو عدم كفايتها ناتج عن سبب عارض طرء خالل,sanction,non_precise,,,aucun,True,False,False
190,المادة 190 عالوة على ضباط وءعوان الشرطة القضاءية، يكلف بالبحث عن المخءلفات ءلحكام هذا القانو ن والنصوص الصادرة لتطبيقه ومعاينتها :,autre,non_precise,,,aucun,False,False,False
191,المادة 191 يءهل، وفقا لهذا القانون، الضباط واءلعوان المشار ءليهم في المادة السابقة، للقيام بما يلي : 1 مراقبة سير المركبات على الطريق العمومية ؛,autre,poids_lourd,,,permis,False,False,False
192,المادة 192 يجب على الضباط واءلعوان المشار ءليهم في,obligation,non_precise,,,aucun,False,False,False
190,المادة 190 ءعاله، ءن يحملوا خالل ممارسة المراقبة على الطريق العمومية شارة خاصة تظهر على الخصوص، االسم الشخ ضي والعاءلي للضابط ءو العون المعني وصفته وصورته ورقمه المنهي .,obligation,non_precise,,,"nuit, signalisation",False,False,False
193,المادة 193 يجب، تحت طاءلة العقوبات المنصوص عليها في,obligation,non_precise,,,aucun,False,False,False
181,المادة 181 من هذا القانون، على كل مستعمل للطريق العمومية االمتثال ءلوءمر الضباط واءلعوان المشار ءليهم في,autre,non_precise,,,aucun,False,False,False
190,المادة 190 ءعاله والذين يستوفون الشروط المحددة في,autre,non_precise,,,aucun,False,False,False
192,المادة 192 ءعاله.,autre,non_precise,,,aucun,False,False,False
194,المادة 194 يجب على العون محرر المحضر، ءلجل معاينة مخءلفة ءلحكام هذا القانون وللنصوص الصادرة لتطبيقه :,obligation,non_precise,,,aucun,False,False,False
195,المادة 195 عالوة على البيانات المشار ءليها في,autre,non_precise,,,aucun,False,False,False
24,المادة 24 من القانون المتعلق بالمسطرة الجناءية ءو في هذا القانون، يجب ءن يشار، على الخصوص، في كل محضر يتعلق بمعاينة مخءلفة لهذا القانون وللنصوص الصادرة لتطبيقه، ءلى ما يلي :,obligation,poids_lourd,,,"permis, depassement, vitesse",False,False,False
194,المادة 194 ءعاله، ءلى البيانات التي تم قياسها بهذه اءلدوات والوساءل. ءذا كانت المركبة، موضوع المخءلفة، تءمن خدمة من خدمات النقل، وجب تتميم المحضر ببيان نوع الوثاءق المتعلقة بمزءولة نشاط النقل، وباءلشارة ءلى ءرقام هذه الوثاءق وتواريخها وعند االقتضاا ءلى,autre,non_precise,,,aucun,False,False,False
24,المادة 24 من القانون المتعلق بالمسطرة الجناءية، ال يتطلب محضر المخءلفة المنجز بطريقة ءلكترونية توقيع المخءلف.,autre,non_precise,,,aucun,False,False,False
196,المادة 196 يوثق بمضمن المحاضر المحررة في مكان المخءلفة، ءو اعتمادا على التقييدات اءللكترونية، بموجب هذا القانون ءلى ءن يثبت ما يخءلف ذلك بءية وسيلة من وساءل اءلثبات.,definition,non_precise,,,aucun,False,False,False
197,المادة 197 يمكن ءن تتم معاينة وءثبات المخءلفات ءلحكام هذا القانون والنصوص الصادرة لتطبيقه المتعلقة بتجاوز السرعة المسموح بها وتلك المحددة قاءمتها من لدن اءلدارة، باستعمال ءجهزة تقنية، تعمل,autre,non_precise,,,"depassement, vitesse",False,False,False
198,المادة 198 تسجل، على الخصوص، بواسطة نظام المراقبة والمعاينة اءءللية للمخءلفات، المعلومات التالية : 1 رقم المخءلفة ؛,sanction,non_precise,,,aucun,True,False,False
199,المادة 199 تهدف المعالجة اءءللية للمعلومات المشار ءليها في,autre,non_precise,,,aucun,False,False,False
198,المادة 198 ءعاله خصوصا ءلى ما يلي: 1 مراقبة ومعاينة المخءلفات ءلحكام هذا القانون والنصوص الصادرة لتطبيقه ؛ 2 تدبير العمليات ءلالزمة ملعالجة المخءلفات من ءجل تبليغها ءلى المخءلفين ؛,autre,non_precise,,,aucun,False,False,False
200,المادة 200 ءذا جرت معاينة مخءلفة وفق الشروط المحددة في,autre,non_precise,,,aucun,False,False,False
197,المادة 197 ءعاله، يتم وضع محضر بالمخءلفة. عالوة على ذلك، يوجه ءشعار بالمخءلفة ءلى صاحب شهادة تسجيل المركبة، بالعنوان المصرح به ءلى اءلدارة وذلك بواسطة رسالة مضمونة مع اءلشعار باالستالم ءو عن طريق مفوض قضاءي .,sanction,non_precise,,,"depassement, vitesse",True,False,False
201,المادة 201 عالوة على البيانات المشار ءليها في,autre,non_precise,,18.0,aucun,False,False,True
195,المادة 195 ءعاله، يجب ءن تتضمن محاضر المخءلفات التي ترتكز معاينتها على ءدلة مادية تقدمها ءجهزة تعمل بطريقة ءءلية، عند عدم وجود العون محرر المحضر في مكان المخءلفة، على الخصوص، ما يلي :,obligation,non_precise,,,nuit,False,False,False
195,المادة 195 ءعاله. في حالة اءلنجاز اءللكتروني ملحضر معاينة المخءلفة، يذيل المحضر بالتوقيع اءللكتروني للعون محرر,autre,non_precise,,,aucun,False,False,False
24,المادة 24 من القانون المتعلق بالمسطرة الجناءية، ال يتطلب محضر المخءلفة المعد برسم معالجة ءءلية توقيع المخءلف.,autre,non_precise,,,aucun,False,False,False
202,المادة 202 يوثق بمضمن محاضر المخءلفات التي ترتكز معاينتها على ءدلة مادية تقدمها ءجهزة تعمل بطريقة ءءلية، مع عدم وجود العون محرر المحضر في مكان ارتكاب المخءلفة، ءلى ءن يثبت ما يخءلف مضمن هذه,autre,non_precise,,,aucun,False,False,False
203,المادة 203 ءذا تعذر التعرف على مكان الشخص صاحب شهادة تسجيل المركبة ءو في حالة رفض المعني باءلمر تلقي التبليغ باءلشعار بالمخءلفة ءو في حالة عدم ءداا الغرامة التصالحية والجزافية، يوجه محضر,sanction,non_precise,,,aucun,True,False,False
204,المادة 204 تسلم وفقا للكيفيات المحددة من لدن اءلدارة ءلى المخءلف ءو ءلى صاحب شهادة تسجيل المركبة ءو ءلى المسءول المدني عنها وبطلب صريح منه، نسخة من صورة المخءلفة التي التقطتها ءجهزة المراقبة,autre,non_precise,,,aucun,False,False,False
197,المادة 197 ءعاله.,autre,non_precise,,,aucun,False,False,False
205,المادة 205 يتم استخالص مبالغ الغرامات التصالحية والجزافية المتعلقة بالمخءلفات التي جرت معاينتها وفقا ءلحكام هذا ءلفرع، من قبل كتاب الضبط لدى المحاكم ومحصلي الخزينة العامة للمملكة,sanction,non_precise,,,aucun,True,False,False
206,المادة 206 يجب ءن توجه نسخ من المحاضر داخل ءجل خمسة عشر 15 يوما ءلى اءلدارة، لتتبع المعلومات ومعالجتها وفقا ءلحكام المواد 120 ءلى 136 من هذا القانون.,obligation,non_precise,,,"alcool, alcootest",False,False,False
207,المادة 207 يمكن لضباط الشرطة القضاءية، ءما بتعليمات من وكيل الملك وءما بمبادرة منهم، ويمكن لءلعوان محرري المحاضر، بءمر من ضباط الشرطة القضاءية وتحت مسءوليتهم، ءن يفرضوا راءزا للنفس,autre,non_precise,,,"alcool, alcootest",False,False,False
208,المادة 208 ءذا مكن الراءز المشار ءليه في,autre,non_precise,,,aucun,False,False,False
207,المادة 207 ءعاله من افتراض وجود نسبة من الكحول في نفس المعني باءلمر، تحددها اءلدارة، ءو ءذا رفض المعني باءلمر الخضوع للراءز المذكور، قام ضباط ءو ءعوان الشرطة القضاءية بالتحققات الهادفة ءلى ءثبات الحالة الكحولية لدى المعني باءلمر.,autre,non_precise,,,"alcool, alcootest",False,False,False
209,المادة 209 تنجز التحققات الهادفة ءلى ءثبات الحالة الكحولية عن طريق التحاليل وءلفحوصات الطبية السريرية والبيولوجية ءو بواسطة جهاز يمكن من تحديد تركز الكحول من خالل تحليل الهواا,autre,non_precise,,,"nuit, alcool, alcootest",False,False,False
210,المادة 210 ءذا ءنجزت التحققات عن طريق التحاليل وءلفحوصات الطبية السريرية والبيولوجية، وجب االحتفاظ بعينة وفقا للنصوص الجاري بها العمل.,autre,non_precise,,,nuit,False,False,False
211,المادة 211 ءذا ءنجزت التحققات المذكورة بواسطة جهاز يمكن من تحديد تركز الكحول، من خالل تحليل الهواا المنبعث من ءلفم، جاز القيام على ءلفور بمراقبة ثانية، بعد التحقق من حسن اشتغال الجهاز.,autre,non_precise,,,"nuit, alcool, alcootest",False,False,False
212,المادة 212 ءذا استحال الخضوع للراءز المشار ءليه في,autre,non_precise,,,aucun,False,False,False
207,المادة 207 ءعاله، نتيجة لعجز بدني مثبت من لدن طبيب، قام ضباط ءو ءعوان الشرطة القضاءية بالتحققات الهادفة ءلى ءثبات الحالة الكحولية بواسطة التحاليل وءلفحوصات الطبية السريرية والبيولوجية.,autre,non_precise,,,"nuit, alcool, alcootest",False,False,False
213,المادة 213 يءمر ضباط ءو ءعوان الشرطة القضاءية بءخضاع اءلشخاص المشار ءليهم في,autre,non_precise,,,aucun,False,False,False
207,المادة 207 ءعاله الختبارات الكشف ءلثبات ما ءذا كان الشخص المعني قد استعمل مواد مخدرة ءو ءستعمل ءدوية تحظر السياقة بعد تنءولها. وتحدد اءلدارة الءحة هذه اءلدوية.,autre,non_precise,,,aucun,False,False,False
214,المادة 214 ءذا تبين ءن اختبارات الكشف ءيجابية، ءو ءذا رفض المعني باءلمر الخضوع لالختبارات المذكورة ، ءو ءذا كان في حالة يستحيل عليه فيها الخضوع لها، عمل ضباط ءو ءعوان الشرطة القضاءية على,autre,non_precise,,,"nuit, alcootest",False,False,False
215,المادة 215 يجب ءلجل القيام باالختبارات والتحاليل وءلفحوص المنصوص عليها في القسمين ءلفرعيين 2 و3 ءعاله، ءن يكون اءلجل ءلفاصل بين ساعة وقوع الحادثة ءو ساعة ارتكاب المخءلفة ءو ساعة مراقبة,obligation,non_precise,,,"nuit, permis",False,False,False
216,المادة 216 عالوة على حاالت االحتفاظ برخصة السياقة المنصوص عليها في القانون، يجب على العون محرر المحضر، الذي يعاين المخءلفة، االحتفاظ بالرخصة، في الحاالت التالية :,obligation,non_precise,,1.0,"arret, permis, stationnement",False,False,True
217,المادة 217 يجب، ما لم ينص هذا القانون على خءلف ذلك، ءن يوجه المحضر والوثاءق المتعلقة بءثبات المخءلفة، مع رخصة السياقة المحتفظ بها، وفق الشروط المنصوص عليها في,obligation,non_precise,,,permis,False,False,False
216,المادة 216 ءعاله، ءلى وكيل الملك، داخل ءجل ءقصاه اثنتان وسبعون 72 ساعة، ابتداا من تاريخ معاينة المخءلفة. يسري اءلجل المذكور، بالنسبة ءلى الحالة المشار ءليها في ءلفقرة الثانية من,autre,non_precise,,,aucun,False,False,False
216,المادة 216 ءعاله، ابتداا من تاريخ تسلم المصالح التي عاينت المخءلفة رخصة السياقة . يجب على وكيل الملك، داخل ءجل ال يتعدى سبعة 7 ءيام، ءن يبلغ كل المعلومات المتعلقة بكل,obligation,non_precise,,1.0,permis,False,False,True
218,المادة 218 يقوم العون محرر المحضر باالحتفاظ بشهادة التسجيل ءو برخصة السياقة ءو سند الملكية في حالة :,obligation,non_precise,,,permis,False,False,False
219,المادة 219 يمكن ءن تكون المخءلفات المشار ءليها في المواد 184 و185 و186 و187 من هذا القانون، موضوع مصالحة تتم بءداا غرامة تصالحية وجزافية يحدد مبلغها كما يلي :,sanction,non_precise,700.0,,aucun,True,True,False
187,المادة 187: خمسة وعشرون 25 درهما. غير ءن مبلغ الغرامة يحدد كما يلي : 1 في حالة اءلداا ءلفوري ءلى العون محرر المحضر ءو في ءحد ءماكن اءلداا اءلخرى وذلك في نفس,sanction,non_precise,,25.0,aucun,True,False,True
200,المادة 200 ءعاله : المخءلفات من الدرجة اءلولى : ءربعماءة 400 درهم ؛ المخءلفات من الدرجة الثانية : ثالثماءة 300 درهم ؛,sanction,non_precise,400.0,,aucun,True,True,False
220,المادة 220 يقترح العون محرر المحضر على المخءلف، عند معاينة ءحدى المخءلفات المشار ءليها في ءلفقرة اءلولى من,autre,non_precise,,,aucun,False,False,False
219,المادة 219 ءعاله، ءداا الغرامة التصالحية والجزافية. ويجوز كذلك للمخءلف ءن يطلب ءداا الغرامة المذكورة. المادة221,sanction,non_precise,,,aucun,True,False,False
222,المادة 222 في حالة المعاينة اءءللية للمخءلفة، يجب ءن يتضمن اءلشعار بالمخءلفة الموجه ءلى المخءلف، عمال بالمادة 200 ءعاله، اقتراحا بءداا الغرامة التصالحية والجزافية.,sanction,non_precise,,,aucun,True,False,False
230,المادة 230 بعده، ءن يتم تحصيل الغرامة التصالحية والجزافية، في الحالة المنصوص عليها في ءلفقرة السابقة، وذلك داخل ءجل مدته ثالثون 30 يوما كالمة يبتدء من اليوم الموالي ليوم تبليغ اءلشعار بالمخءلفة طبقا ءلحكام,sanction,non_precise,,,aucun,True,False,False
200,المادة 200 ءعاله .,autre,non_precise,,,aucun,False,False,False
223,المادة 223 يتم اءلداا ءلفوري للغرامة، بصفة نهاءية ءو برسم اءليداع، كما يلي: 1 نقدا ؛,sanction,non_precise,,,aucun,True,False,False
224,المادة 224 يتم اءلداا ءلفوري للغرامة التصالحية والجزافية ءلى العون محرر المحضر، بعد ءعداده محضر المخءلفة.,sanction,non_precise,,,permis,True,False,False
225,المادة 225 يجب على العون محرر المحضر، ءذا كان الحالم المحررة فيه رخصة السياقة قابال ءلن تسجل عليه المعلومات في شكل ءلكتروني، وكان العون يتوفر على الجهاز ءلالزم لذلك، ءن يسجل على هذا الحالم,obligation,non_precise,,,permis,False,False,False
226,المادة 226 يترتب على ءداا الغرامة التصالحية والجزافية عدم تحريك الدعوى العمومية.,sanction,non_precise,,,aucun,True,False,False
227,المادة 227 في حالة عدم ءداا الغرامة التصالحية والجزافية، يوجه الملف فورا ءلى وكيل الملك. وتوجه نسخة من المحضر المحرر في شءن المخءلفة من قبل السلطة التابع لها العون محرر المحضر ءلى اءلدارة,sanction,non_precise,,,aucun,True,False,False
228,المادة 228 في حالة عدم اءلداا ءلفوري للغرامة التصالحية والجزافية وفقا ءلحكام هذا القانون، يجب على العون محرر المحضر ءن يتسلم من المخءلف رخصة السياقة ءو شهادة تسجيل ءو سند ملكية المركبة،,sanction,non_precise,,,permis,True,False,False
184,المادة 184 وفي 19 ءلى 24 وفي 27 ءلى 32 من,autre,non_precise,,19.0,aucun,False,False,True
185,المادة 185 ءو في حالة ارتكاب مخءلفة لءلحكام المقررة تطبيقا للمواد 46 و47 و48 من هذا القانون. ءذا ءدى المخءلف مبلغ الغرامة التصالحية والجزافية بصفة نهاءية داخل اءلجل المذكور، ءعيدت ءليه,sanction,non_precise,,,permis,True,False,False
200,المادة 200 ءعاله ابتداا من تاريخ تسلم الرسالة المضمونة المشار ءليها في المادة المذكورة. ويتعين على المخءلف في هذه الحالة ءداا مبلغ الغرامة التصالحية والجزافية داخل اءلجل المذكور ءو تسليم رخصة السياقة ءو شهادة تسجيل ءو سند ملكية المركبة,sanction,non_precise,,,"arret, permis, stationnement",True,False,False
229,المادة 229 استثناا من ءحكام,autre,non_precise,,,aucun,False,False,False
228,المادة 228 ءعاله، ءذا كان حالم رخصة السياقة يمكن من تسجيل المعلومات في شكل ءلكتروني، فءن المعلومات المتعلقة باالحتفاظ برخصة السياقة واءلذن بالسياقة وتوقيف رخصة السياقة المشار ءليها في المادة المذكورة، يتم تسجيلها على هذا الحالم، ويصبح االحتفاظ,autre,non_precise,,,permis,False,False,False
230,المادة 230 يمكن للمخءلف ءن ينازع في المخءلفة. تقدم المنازعة في المخءلفات، داخل اءلجل المحدد في المادتين 221 و222 ءعاله، بواسطة شكاية معللة,autre,non_precise,,,aucun,False,False,False
231,المادة 231 ال تقبل المنازعة في المخءلفة ءال ءذا قام المخءلف بءيداع مبلغ الحد اءلق ضى للغرامة المحدد في المواد 184 و185و186و187 ءعاله، داخل اءلجل المحدد في المادتين 221 و222 ءعاله.,sanction,non_precise,,,permis,True,False,False
232,المادة 232 ءذا نازع المخءلف في المخءلفة، وجب ءن يوجه المحضر ءلى وكيل الملك داخل ءجل ال يتجاوز 5 ءيام من تاريخ تسلم الشكاية المشار ءليها في الحالتين 2 و3 من,autre,non_precise,,,depassement,False,False,False
230,المادة 230 ءعاله.,autre,non_precise,,,aucun,False,False,False
233,المادة 233 يجب ءن يكون المحضر المشار ءليه في,obligation,non_precise,,,aucun,False,False,False
232,المادة 232 ءعاله مرفقا باءلثباتات المتعلقة بالمعاينة اءءللية وبرخصة السياقة في حالة االحتفاظ بها.,autre,non_precise,,,permis,False,False,False
234,المادة 234 يجوز للمخءلف، قبل ءن تبت المحكمة في الموضوع، ءن يءدي ثلثي الحد ءءلق ضى للغرامة المحددة في المواد 184 و185 و186 و187 ءعاله وءن يسحب شكايته.,sanction,non_precise,,,aucun,True,False,False
235,المادة 235 عندما تثبت المخءلفة ضد المخءلف، ال يجوز ءن تطبق عليه ءحكام,autre,non_precise,,,aucun,False,False,False
375,المادة 375 من القانون المتعلق بالمسطرة الجناءية في حالة منازعة تعسفية. الباب الرابع,autre,non_precise,,,aucun,False,False,False
236,المادة 236 في حالة حفظ المحاضر من قبل النيابة العامة، ءو في حالة صدور مقرر بعدم المتابعة ءو باءلدانة ءو ءي مقرر يبت في موضوع قضية عرضت على محكمة، تنفيذا ءلحكام هذا القانون ءو للنصوص,autre,non_precise,,,aucun,False,False,False
237,المادة 237 توجه النيابة العامة نسخا من المقررات ءو منطوقا لءلحكام، الصادرة تنفيذا ءلحكام هذا القانون ءو للنصوص الصادرة لتطبيقه، التي حازت قوة ال ضيا المق ضي به، ءلى اءلدارة داخل ءجل ءقصاه,autre,non_precise,,,aucun,False,False,False
238,المادة 238 ما عدا في حالة اءلداا ءلفوري لغرامة تصالحية وجزافية ءو في حالة اءليداع المنصوص عليه في,sanction,non_precise,,,aucun,True,False,False
231,المادة 231 ءعاله، ءذا لم يثبت مرتكب المخءلفة توفره على ءقامة فوق التراب الوطني، يتم توقيف المركبة التي ارتكبت بها المخءلفة ءلى ءن يودع مرتكب المخءلفة مبلغا يحدده وكيل الملك، لدى كتابات الضبط بجميع محاكم المملكة ءو لدى قباضات المالية ءو لدى المصالح المختصة للجمارك، يضمن,obligation,non_precise,,,aucun,False,False,False
239,المادة 239 ال يمكن ءن يلقن تعليم السياقة ءو التربية على السالمة الطرقية، ءال من قبل مءسسة يتوقف فتحها واستغاللها على رخصة تسلمها اءلدارة لهذا الغرض .,obligation,non_precise,,,"arret, stationnement",False,False,False
35,المادة 35 من هذا القانون. ال يمكن لنفس المءسسة ءن تجمع بين نشاط تعليم السياقة ونشاط تنظيم دورات في التربية على السالمة الطرقية.,autre,non_precise,,,aucun,False,False,False
240,المادة 240 تسلم الرخصة بفتح واستغالل مءسسة لتعليم السياقة ءو مءسسة للتربية على السالمة الطرقية بمقابل، للمترشحين الذين تتوفر فيهم الشروط التالية :,autre,non_precise,,,aucun,False,False,False
241,المادة 241 يجب ءن يتولى تسيير كل مءسسة لتعليم السياقة ءو مءسسة للتربية على السالمة الطرقية مدير تتوفر فيه الشروط التالية :,obligation,non_precise,,,aucun,False,False,False
242,المادة 242 يجب على مدير مءسسة تعليم السياقة ءو مدير مءسسة التربية على السالمة الطرقية ءن يسهر، باستمرار، على حسن التسيير اءلداري والبيداغوجي للمءسسة وفقا ءلحكام هذا القانون والنصوص,obligation,non_precise,,,aucun,False,False,False
239,المادة 239 ءعاله، المعطيات المتعلقة بنشاط تعليم السياقة ءو تنظيم دورات في التربية على السالمة الطرقية.,autre,non_precise,,,aucun,False,False,False
243,المادة 243 يجب ءن يكون التعليم الملقن في مءسسات تعليم السياقة مطابقا للبرنامج الوطني لتعليم السياقة المحدد من لدن اءلدارة.,obligation,non_precise,,,aucun,False,False,False
244,المادة 244 ال يمكن فتح ءية مءسسة لتعليم السياقة ءو للتربية على السالمة الطرقية للعموم، ءال بعد قيام ءعوان اءلدارة بمعاينة مطابقة محال وتجهيزات تعليم السياقة ءو التربية على السالمة الطرقية وكذا,autre,non_precise,,,aucun,False,False,False
239,المادة 239 ءعاله . يحدد للمعني باءلمر، في حالة عدم المطابقة، ءجل لالستجابة للمالحظات التي ءبداها ءعوان اءلدارة,obligation,non_precise,,,aucun,False,False,False
245,المادة 245 يجب ءن يلقن تعليم السياقة ءو تنشيط دورات التربية على السالمة الطرقية من قبل مدرب لتعليم السياقة ءو منشط لدورات التربية على السالمة الطرقية مرخص لهما من لدن اءلدارة.,obligation,non_precise,,,aucun,False,False,False
246,المادة 246 يجب على ءرباب ومسيري مءسسات تعليم السياقة ءو التربية على السالمة الطرقية الخضوع لعمليات التفتيش التي يقوم بها اءلعوان ءو الهيءات المءهلة لهذا الغرض من لدن اءلدارة، والتي يراد,obligation,non_precise,,,aucun,False,False,False
239,المادة 239 ءعاله .,autre,non_precise,,,aucun,False,False,False
247,المادة 247 ال يجوز التخلي عن ءية مءسسة لتعليم السياقة ءو للتربية على السالمة الطرقية ءال لفاءدة شخص معنوي ءو ذاتي تتوفر فيه الشروط المنصوص عليها في,autre,non_precise,,,aucun,False,False,False
240,المادة 240 ءعاله.,autre,non_precise,,,aucun,False,False,False
248,المادة 248 يجب على المتخلي والمتخلى له، في حالة التخلي عن مءسسة لتعليم السياقة ءو للتربية على السالمة الطرقية، تقديم تصريح مشترك ءلى اءلدارة، قبل ءبرام عقد التخلي، يلتزم فيه المتخلى له باحترام بنود,obligation,non_precise,,,aucun,False,False,False
239,المادة 239 ءعاله . تقوم اءلدارة بتحيين الرخصة المشار ءليها في,autre,non_precise,,,aucun,False,False,False
239,المادة 239 ءعاله بعد االطالع على عقد التخلي.,autre,non_precise,,,aucun,False,False,False
249,المادة 249 في حالة وفاة الحاصل على رخصة باستغالل مءسسة لتعليم السياقة ءو للتربية على السالمة الطرقية، يجب على ذوي حقوقه التصريح بذلك ءلى اءلدارة ، داخل ءجل ثالثة 3 ءشهر من تاريخ الوفاة.,obligation,non_precise,,,aucun,False,False,False
250,المادة 250 يجب على الحاصلين على رخصة باستغالل مءسسة لتعليم السياقة ءو للتربية على السالمة الطرقية، قبل توقيف ءو ءنهاا نشاطهم، ءخبار اءلدارة بذلك، بواسطة رسالة مضمونة مع اءلشعار باالستالم.,obligation,non_precise,,,aucun,False,False,False
251,المادة 251 بتاريخ 7 ذي القعدة 1437 11 ءغسطس 2016 ، ص: 5878 تعفى من الحصول على رخصة االستغالل المشار ءليها في,autre,non_precise,,13.0,aucun,False,False,True
239,المادة 239 من هذا القانون، هيءات ءو مءسسات الدولة، التي تلقن تعليما يف ضي ءلى الحصول على بطاقة ساءق منهي ءو على رخصة مدرب لتعليم السياق ة ءو منشط دورات التربية على السالمة الطرقية ءو رخصة السياقة.,autre,non_precise,,,permis,False,False,False
252,المادة 252 يجوز للجمعيات التي تزءول نشاطها في مجال اءلدماج ءو ءعادة اءلدماج االجتماعي والمنهي تلقين التربية على السالمة الطرقية، شريطة الحصول على رخصة تسلمها اءلدارة، التي تتءكد في هذه الحالة,autre,non_precise,,,aucun,False,False,False
253,المادة 253 يجب للحصول على الرخصة المشار ءليها في,obligation,non_precise,,,aucun,False,False,False
252,المادة 252 ءعاله، ءن تكون الجمعية متوفرة على الشروط التالية : 1 ءن يكون مصرحا بها وفقا للتشريع المنظم لحق تءسيس الجمعيات ؛,autre,non_precise,,,aucun,False,False,False
254,المادة 254 يجب على الجمعيات المذكورة في المادة السابقة ءن تقدم سنويا ءلى اءلدارة تقريرا عن نشاطها في مجال تلقين التربية على السالمة الطرقية وفق الشروط المحددة من لدن اءلدارة.,obligation,non_precise,,,aucun,False,False,False
255,المادة 255 ءذا عاين اءلعوان ءو الهيءات المشار ءليهم في,autre,non_precise,,,aucun,False,False,False
246,المادة 246 ءعاله، خالل عملية تفتيش مءسسة لتعليم السياقة ءو مءسسة للتربية على السالمة الطرقية، ءن محال المءسسة ءو تجهيزاتها غير مطابقة لدفتر التحمالت المشار ءليه في,autre,non_precise,,,aucun,False,False,False
239,المادة 239 ءعاله، ءو ءن التكوين الملقن بها غير مطابق للبرنامج الوطني للتكوين في مجال السياقة ءو ملواصفات تنظيم دورات التربية على السالمة الطرقية ءو ءن المركبات التي تم استعمالها ال تستجيب للمواصفات والشروط التقنية المعمول بها، توجه اءلدارة قرارا باءلغالق,autre,non_precise,,,aucun,False,False,False
246,المادة 246 ءعاله بمعاينة وضع صاحب المءسسة حدا لءلخالل الذي ءدى ءلى ءغالقها. توجه اءلدارة قرارات اءلغالق المنصوص عليها ءعاله بواسطة رسالة مضمونة مع اءلشعار باالستالم,obligation,non_precise,,,aucun,False,False,False
255,المادة 255 1 ءذا عاين اءلعوان ءو الهيءات المشار ءليهم في,autre,non_precise,,1.0,aucun,False,False,True
246,المادة 246 ءعاله، خالل عملية تفتيش مءسسة لتعليم السياقة ءو مءسسة للتربية على السالمة الطرقية، ءي ءخالل ببنود دفتر التحمالت المشار ءليه في,autre,non_precise,,,aucun,False,False,False
239,المادة 239 من هذا القانون، ال يندرج ضمن الحاالت المشار ءليها في ءلفقرة اءلولى من,autre,non_precise,,,aucun,False,False,False
255,المادة 255 ءعاله، فءن اءلدارة تبلغ ذلك في تقرير معلل، ءلى الحاصل على رخصة فتح واستغالل مءسسة تعليم السياقة ءو مءسسة التربية على السالمة الطرقية وتوجه ءليه ءنذارا، بواسطة رسالة مضمونة مع اءلشعار باالستالم,sanction,non_precise,,15.0,aucun,True,False,True
246,المادة 246 ءعاله بمعاينة وضع صاحب المءسسة حدا لءلخءلالت التي تمت معاينتها. توجه اءلدارة قرارات اءلغالق المنصوص عليها ءعاله بواسطة رسالة مضمونة مع اءلشعار باالستالم ءو عن طريق مفوض قضاءي.,obligation,non_precise,,,aucun,False,False,False
256,المادة 256 تسحب اءلدارة، بصفة نهاءية الرخصة بفتح واستغالل مءسسة لتعليم السياقة ءو للتربية على السالمة الطرقية :,autre,non_precise,,,aucun,False,False,False
244,المادة 244 ءعاله ؛ 3 ءذا لم يطلب من اءلدارة معاينة المطابقة المنصوص عليها في,autre,non_precise,,,aucun,False,False,False
244,المادة 244 السءلفة الذكر، من ءجل فتح مءسسته للعموم، داخل ءجل اثني عشر 12 شهرا من التاريخ الذي وقع فيه تبليغه رخصته ءو تسليمها ءليه ؛,sanction,non_precise,,,"arret, stationnement",True,False,False
255,المادة 255 1 ءعاله ثالث 3 مرات خالل ءربعة وعشرين 24 شهرا ءو صدر في حقها قراران باءلغالق خالل نفس المدة ؛ 6 ءذا خضع صاحب الرخصة لتصفية قضاءية بحكم حاز قوة ال ضيا المق ضي به ؛,sanction,non_precise,,1.0,aucun,True,False,True
257,المادة 257 تسحب رخصة المدرب ءو المنشط بصفة مءقتة : 1 ءذا اتخذ في حق الحاصل عليها ءجراا بتوقيف رخصة السياقة ؛,autre,non_precise,,,permis,False,False,False
258,المادة 258 تسحب نهاءيا رخصة المدرب ءو المنشط من قبل اءلدارة : 1 ءذا لم يعد الحاصل عليها متوفرا على الشروط المنصوص عليها في هذا القانون والنصوص,autre,non_precise,,,permis,False,False,False
183,المادة 183 ءعاله. توجه النيابة العامة في الحاالت المذكورة في البنود 3 و4 و5 ءعاله، نسخا من المحاضر والمقررات القضاءية المتعلقة باءلفعال المذكورة ءلى اءلدارة.,autre,non_precise,,,aucun,False,False,False
259,المادة 259 يعاقب بغرامة من ثالثين ءلف 30.000 ءلى ستين ءلف 60.000 درهم، كل شخص فتح ءو استغل مءسسة لتعليم سياقة المركبات ءو للتربية على السالمة الطرقية بمقابل دون ءن يكون مرخصا له بذلك.,sanction,non_precise,,30.0,aucun,True,False,True
260,المادة 260 يعاقب بغرامة من خمسة عشر ءلف 15.000 ءلى ثالثين ءلف 30.000 درهم، كل حاصل علي رخصة بفتح واستغالل مءسسة تعليم السياقة ءو التربية على السالمة الطرقية، شغل وهو يعلم,sanction,non_precise,,15.0,aucun,True,False,True
261,المادة 261 يعاقب بغرامة من عشرة ءءءلف 10.000 ءلى عشرين ءلف 20.000 درهم، كل مدير مءسسة ال يتقيد بءحكام,sanction,non_precise,,10.0,aucun,True,False,True
241,المادة 241 ءو ال يحترم ءحكام,autre,non_precise,,,aucun,False,False,False
242,المادة 242 ءعاله. في حالة العود، يعاقب المخءلف بغرامة من عشرين ءلف 20.000 ءلى ءربعين ءلف 40.000 درهم.,sanction,non_precise,,,aucun,True,False,False
262,المادة 262 يعاقب بالحبس من شهر ءلى سنة وبغرامة من ءلفين 2.000 ءلى خمسة ءءءلف 5.000 درهم، كل حاصل على رخصة بفتح واستغالل مءسسة لتعليم السياقة ءو مءسسة للتربية على السالمة الطرقية,sanction,non_precise,,2.0,aucun,True,False,True
263,المادة 263 يعاقب بغرامة من ثالثين ءلف 30.000 ءلى ستين ءلف 60.000 درهم، كل شخص ذاتي ءو معنوي قام باستغالل مءسسة لتعليم السياقة ءو مءسسة للتربية على السالمة الطرقية، بعد ءن صدر في,sanction,non_precise,,30.0,aucun,True,False,True
264,المادة 264 يعاقب بغرامة من خمسة ءءءلف 5.000 ءلى عشرة ءءءلف 10.000 درهم : 1 كل شخص زءول مهنة مدرب في تعليم السياقة ءو منشط دورات التربية على السالمة الطرقية،,sanction,non_precise,,5.0,"arret, stationnement",True,False,True
102,المادة 102 ءعاله.,autre,non_precise,,,aucun,False,False,False
265,المادة 265 يعاقب بغرامة من خمسة ءءءلف 5.000 ءلى عشرة ءءءلف 10.000 درهم، كل شخص زءول مهنة مدرب في تعليم السياقة ءو منشط دورات التربية على السالمة الطرقية، بعد ءن صدر في حقه مقرر,sanction,non_precise,,5.0,aucun,True,False,True
266,المادة 266 تقوم بالمراقبة التقنية المشار ءليها في,autre,non_precise,,,aucun,False,False,False
66,المادة 66 من هذا القانون، اءلدارة ءو مراكز المراقبة التقنية المرخص لها لهذا الغرض من لدن اءلدارة. الباب الثاني,autre,non_precise,,,aucun,False,False,False
267,المادة 267 بتاريخ 7 ذي القعدة 1437 11 ءغسطس 2016 ، ص: 5878 تسلم الرخصة ملمارسة المراقبة التقنية المشار ءليها في,autre,non_precise,,13.0,aucun,False,False,True
266,المادة 266 ءعاله، بعد اءلعالن عن المنافسة : ءلى اءلشخاص المعنوية التي تلتزم بفتح واستغالل شبكة من المراكز للمراقبة التقنية تتكون من عدد ءدنى من المراكز ومن خطوط المراقبة تحدده اءلدارة، وبالتقيد ببنود دفتر للتحمالت ؛,obligation,non_precise,,,aucun,False,False,False
267,المادة 267 1 استثنااا ملقتضيات,autre,non_precise,,1.0,aucun,False,False,True
267,المادة 267 ءعاله، يمكن لءلدارة بعد اءلعالن عن المنافسة الترخيص بفتح واستغالل خطوط ءضافية للمراقبة التقنية، لفاءدة مراكز المراقبة التقنية المرخص لها قانونا والمفتوحة في وجه العموم.,autre,non_precise,,,aucun,False,False,False
268,المادة 268 يجب ءن تتوفر في اءلشخاص المعنوية المشار ءليها في,obligation,non_precise,,,aucun,False,False,False
267,المادة 267 ءعاله الشروط التالية : 1 ءال يكون المترشح قد خضع ملسطرة التصفية القضاءية ؛ 2 ءن يتوفر اءلشخاص المقترحون ءلدارة الشخص المعنوي على الشروط التالية :,obligation,non_precise,,,aucun,False,False,False
269,المادة 269 يجب ءن يتولى تسيير كل مركز للمراقبة التقنية شخص تتوفر فيه الشروط التالية : 1 ءال تقل سنه عن ءحدى وعشرين سنة شمسية كالمة ؛,obligation,non_precise,,,aucun,False,False,False
270,المادة 270 يمنع على مراكز وعلى شبكات مراكز ءلفحص التقني مزءولة ءي نشاط مرتبط بءصالح السيارات ءو االتجار فيها.,obligation,non_precise,,,aucun,False,False,False
271,المادة 271 ال تمنح الرخصة بفتح ءي مركز للمراقبة التقنية للعموم ءال بعد قيام ءعوان اءلدارة بمعاينة مطابقة محال وتجهيزات المراقبة التقنية والموارد البشرية بالمركز المذكور لبنود دفتر التحمالت المشار ءليه,autre,non_precise,,,aucun,False,False,False
267,المادة 267 ءعاله. يحدد للمعني باءلمر، في حالة عدم المطابقة، ءجل لالستجابة للمالحظات التي ءبداها ءعوان اءلدارة المذكورون.,obligation,non_precise,,,aucun,False,False,False
272,المادة 272 يجب ءن يتولى عملية المراقبة التقنية عون فاحص مرخص له من قبل اءلدارة. ال يجوز ءن يطلب الحصول على رخصة عون فاحص ءال الشخص الذي تتوفر فيه الشروط التالية :,obligation,non_precise,,,aucun,False,False,False
273,المادة 273 يجب على الحاصل على رخصة بفتح واستغالل شبكة ملراكز المراقبة التقنية، ءن يعين شخصا ذاتيا تتوفر فيه الشروط المحددة في البند 2 من,obligation,non_precise,,,aucun,False,False,False
268,المادة 268 ءعاله، يكون مسءوال عن التقيد بءحكام هذا القانون والنصوص الصادرة لتطبيقه، ويجب عليه، لهذا الغرض، ءن يتءكد باستمرار من حسن تنفيذ عمليات المراقبة التقنية المنجزة من لدن المراكز المذكورة وفقا ءلحكام هذا القانون والنصوص,obligation,non_precise,,,aucun,False,False,False
267,المادة 267 ءعاله، المعطيات المتعلقة بعمليات المراقبة التقنية المرسلة ءليه من قبل المراكز السءلفة الذكر. يجب ءن يبلغ ءلى اءلدارة كل تغيير للشخص المسءول المذكور.,obligation,non_precise,,,aucun,False,False,False
274,المادة 274 يجب على الحاصل على رخصة بفتح واستغالل مركز ءو شبكة ملراكز المراقبة التقنية وعلى الشخص المشار ءليه في ءلفقرة اءلولى من,obligation,non_precise,,,aucun,False,False,False
273,المادة 273 ءعاله وعلى مسيري مراكز المراقبة التقنية واءلعوان ءلفاحصين الخضوع لعمليات التفتيش التي يقوم بها اءلعوان ءو الهيءءت المءهلون لهذا الغرض من لدن اءلدارة، والتي يراد بها التحقق من التقيد بءحكام هذا القانون والنصوص الصادرة لتطبيقه وكذا,definition,non_precise,,,aucun,False,False,False
267,المادة 267 ءعاله.,autre,non_precise,,,aucun,False,False,False
275,المادة 275 ال يجوز التخلي عن ءية شبكة ملراكز المراقبة التقنية ءال لفاءدة شخص معنوي تتوفر فيه الشروط المنصوص عليها في,autre,non_precise,,,aucun,False,False,False
268,المادة 268 ءعاله. يجب على المتخلي والمتخلى له، لهذا الغرض، تقديم تصريح مشترك ءلى اءلدارة، قبل ءبرام العقد، يلتزم فيه المتخلى له باحترام بنود دفتر التحمالت المشار ءليه في,obligation,non_precise,,,aucun,False,False,False
267,المادة 267 ءعاله. تقوم اءلدارة بتحيين الرخصة بعد االطالع على عقد التخلي.,autre,non_precise,,,aucun,False,False,False
276,المادة 276 ال يجوز التخلي عن مركز للمراقبة التقنية ءال لفاءدة شخص معنوي يتوفر على رخصة باستغالل شبكة ملراكز المراقبة التقنية.,definition,non_precise,,,aucun,False,False,False
267,المادة 267 ءعاله، ءال ءذ التزم المتخلي بتوفير العدد اءلدنى المذكور للمراكز والخطوط.,autre,non_precise,,,aucun,False,False,False
277,المادة 277 ءذا توفي الحاصل على رخصة بفتح واستغالل مركز للمراقبة التقنية، وجب على ذوي حقوقه التصريح بذلك ءلى اءلدارة داخل ءجل ثالثة 3 ءشهر من تاريخ الوفاة.,obligation,non_precise,,,aucun,False,False,False
278,المادة 278 يجب على الحاصلين على رخصة باستغالل مركز ءو شبكة ملراكز المراقبة التقنية، قبل توقيف ءو ءنهاا نشاطهم، ءخبار اءلدارة بذلك في رسالة مضمونة مع ءشعار باالستالم.,obligation,non_precise,,,aucun,False,False,False
279,المادة 279 ءذا عاين اءلعوان ءو الهيءءت المشار ءليهم في,autre,non_precise,,,aucun,False,False,False
274,المادة 274 ءعاله، خالل عملية تفتيش مركز للمراقبة التقنية، ءي ءخالل ببنود دفتر التحمالت المشار ءليه في,autre,non_precise,,,aucun,False,False,False
267,المادة 267 من هذا القانون، المتعلقة بءنجاز عمليات المراقبة التقنية ءو بالبنود المتعلقة باءلعوان ءلفاحصين ءو بالمقتضيات الخاصة بصالحية معدات ءلفحص التقني ءو صيانتها ءو تعييرها ءو بالنظام المعلوماتي للمراقبة التقنية، توجه اءلدارة,sanction,non_precise,,30.0,aucun,True,False,True
274,المادة 274 ءعاله بمعاينة وضع المعني باءلمر حدا لءلخالل الذي ءدى ءلى التوقيف.,autre,non_precise,,,aucun,False,False,False
279,المادة 279 1 ءذا عاين اءلعوان ءو الهيءءت المشار ءليهم في,autre,non_precise,,1.0,aucun,False,False,True
274,المادة 274 ءعاله، خالل عملية تفتيش مركز للمراقبة التقنية، ءي ءخالل ببنود دفتر التحمالت المشار ءليه في,autre,non_precise,,,aucun,False,False,False
267,المادة 267 من هذا القانون، ال يندرج ضمن الحاالت المشار ءليها في ءلفقرة اءلولى من,autre,non_precise,,,aucun,False,False,False
279,المادة 279 ءعاله، فءن اءلدارة تبلغ ذلك في تقرير معلل، ءلى المركز المخءلف وشبكة مراكز المراقبة التقنية التابع لها هذا المركز، وتوجه لهما ءنذارا بواسطة رسالة مضمونة مع اءلشعار باالستالم ءوعن طريق مفوض قضاءي، لوقف اءلخالل داخل اءلجل المحدد في,sanction,non_precise,,,aucun,True,False,False
274,المادة 274 ءعاله بمعاينة وضع المعني باءلمر حدا لءلخالل الذي ءدى ءلى اءلغالق. يجب على الحاصل على رخصة بفتح واستغالل مركز المراقبة التقنية التقيد بالتشريع الجاري به,obligation,non_precise,,,aucun,False,False,False
280,المادة 280 تسحب اءلدارة الرخصة بفتح واستغالل شبكة ملراكز المراقبة التقنية في الحاالت التالية : 1 ءذا طلب الحاصل على الرخصة ذلك بنفسه ؛,autre,non_precise,,,"arret, stationnement",False,False,False
267,المادة 267، ملدة ءربعة 4 ءشهر على اءلقل ؛ 6 في حالة اءلخالل بءحكام,autre,non_precise,,4.0,aucun,False,False,True
276,المادة 276 ءعاله. غير ءنه في الحاالت المذكورة في البنود 3 و4 و5 و6 ءعاله، توجه اءلدارة ءنذارا ءلى الحاصل على الرخصة، بواسطة رسالة مضمونة مع ءشعار باالستالم ءو عن طريق مفوض قضاءي.,definition,non_precise,,,aucun,False,False,False
281,المادة 281 تسحب اءلدارة رخصة العون ءلفاحص بصفة مءقتة : 1 ءذا لم يتقيد بقواعد سير عملية المراقبة التقنية ءو بقواعد ءنجاز ءي خدمة ءخرى عهدت له من,autre,non_precise,,,aucun,False,False,False
282,المادة 282 تسحب نهاءيا رخصة العون ءلفاحص من لدن اءلدارة : 1 ءذا لم يعد الحاصل عليها متوفرا على الشروط المنصوص عليها في هذا القانون والنصوص,autre,non_precise,,,aucun,False,False,False
274,المادة 274 ءعاله وذلك دون اءلخالل باءلحكام الجناءية الجاري بها العمل ؛ 3 ءذا ءدين بمقرر قضاءي حاءز لقوة ال ضيا المق ضي به من ءجل جناية ءو من ءجل جنحة منافية,autre,non_precise,,,aucun,False,False,False
137,المادة 137 ءعاله. توجه النيابة العامة، في الحالة المذكورة في البند 3 ءعاله، نسخا من المحاضر والمقررات القضاءية المتعلقة باءلفعال المذكورة ءلى اءلدارة.,autre,non_precise,,,aucun,False,False,False
283,المادة 283 يعاقب بغرامة من ثالثين ءلف 30.000 ءلى ستين ءلف 60.000 درهم، كل شخص فتح ءو استغل شبكة ملراكز المراقبة التقنية للمركبات ءو فتح ءو استغل مركزا للمراقبة التقنية للمركبات دون ءن,sanction,non_precise,,30.0,aucun,True,False,True
284,المادة 284 يعاقب بغرامة من ثالثين ءلف 30.000 ءلى ستين ءلف 60.000 درهم كل حاصل على رخصة فتح واستغالل شبكة ملراكز المراقبة التقنية للمركبات ءو كل حاصل على رخصة فتح واستغالل مركز,sanction,non_precise,,30.0,aucun,True,False,True
285,المادة 285 يعاقب بغرامة من عشرين ءلف 20.000 ءلى ءربعين ءلف 40.000 درهم، كل حاصل على رخصة فتح واستغالل شبكة ملراكز المراقبة التقنية للمركبات ال يتقيد بءحكام,sanction,non_precise,,20.0,aucun,True,False,True
273,المادة 273 وذلك دون اءلخالل بءحكام,autre,non_precise,,,aucun,False,False,False
280,المادة 280 ءعاله. في حالة العود، يعاقب المخءلف بغرامة من ءربعين ءلف 40.000 درهم ءلى سبعين ءلف 70.000 درهم.,sanction,non_precise,,,aucun,True,False,False
286,المادة 286 يعاقب بالحبس من شهر ءلى سنة وبغرامة من عشرين ءلف 20.000 درهم ءلى ماءة ءلف 100.000 درهم، كل مسير ملركز للمراقبة التقنية للمركبات سلم عمدا شهادة مزورة للمراقبة التقنية ملركب ة,sanction,non_precise,,,aucun,True,False,False
287,المادة 287 يعاقب بغرامة من ثالثين ءلف 30.000 ءلى ستين ءلف 60.000 درهم، كل شخص قام باستغالل مركز للمراقبة التقنية للمركبات بعد ءن صدر في حقه مقرر باءلغالق المءقت ءو باءلغالق النهاءي للمركز.,sanction,non_precise,,30.0,aucun,True,False,True
288,المادة 288 يعاقب بغرامة من ءلفين وخمسماءة 2.500 ءلى خمسة ءءءلف 5.000 درهم : كل شخص زءول مهنة عون فاحص دون التوفر على الرخصة المنصوص عليها في,sanction,non_precise,,2.0,aucun,True,False,True
272,المادة 272 ءعاله ؛ كل عون فاحص استمر في مزءولة المهنة بعد ءن صدر في حقه مقرر بالسحب النهاءي ءو بالسحب المءقت للرخصة.,autre,non_precise,,,aucun,False,False,False
288,المادة 288 1 ءذا ثبتت مسءولية شبكة ءو مركز للمراقبة التقنية في حادثة سير مميتة، تعاقب الشبكة بغرامة يتراوح مبلغها من ماءتي ءلف 200.000 درهم ءلى ءربع ماءة ءلف 400.000 درهم والمركز من ماءة,sanction,non_precise,,1.0,aucun,True,False,True
289,المادة 289 دون اءلخالل بالموانع المقررة في ءحكام تشريعية ءخرى والمتعلقة بما يلحق بالطريق العمومية من تخريب ءو تلف ءو ضرر، يمنع القيام باءلفعال التالية :,obligation,non_precise,,,signalisation,False,False,False
290,المادة 290 دون اءلخالل بالعقوبات اءلشد وبالرغم من اءلحكام المخءلفة، يعاقب بغرامة من ءلفين وخمسماءة 2.500 ءلى سبعة ءءءلف وخمسماءة 7.500 درهم، كل من ارتكب، بسبب تهوره ءو عدم احتياطه,sanction,non_precise,500.0,2.0,aucun,True,True,True
289,المادة 289 ءعاله. يحكم على المخءلف، عالوة على ذلك، بمصاريف ءعادة اءلماكن ءلى ما كانت عليه وبتحمل تكلفة ءصالح اءلضرار ءلالحقة بالمحرم.,autre,non_precise,,,aucun,False,False,False
291,المادة 291 دون اءلخالل بالعقوبات اءلشد وبالرغم من اءلحكام المخءلفة، يعاقب بغرامة من خمسماءة 500 ءلى ءلفين وخمسماءة 2.500 درهم، كل من خءلف ءحكام البند 7 من,definition,non_precise,500.0,2.0,aucun,False,True,True
289,المادة 289 ءعاله. يحكم على المخءلف، عالوة على ذلك، بمصاريف ءصالح اللوحة ءو التجهيز المشار ءليهما في البند 7 السءلف الذكر وبمصاريف ءعادتهما ءلى حالتهما اءلولى.,autre,non_precise,,,aucun,False,False,False
292,المادة 292 دون اءلخالل بالعقوبات اءلشد وبالرغم من اءلحكام المخءلفة، يعاقب بغرامة من ءلف 1.000 ءلى ءلفي 2.000 درهم، كل من خءلف ءحكام البند 8 من,sanction,non_precise,,2.0,aucun,True,False,True
289,المادة 289 ءعاله. عالوة على ذلك، يمكن لءلدارة المدبرة للطريق السيار ءو لصاحب االمتياز حجز المواد والبضاءع المعروضة للبيع فورا وتسليمها ءلى السلطات المختصة.,autre,non_precise,,,aucun,False,False,False
293,المادة 293 في حالة خرق ءحكام البند 9 من,autre,non_precise,,,aucun,False,False,False
289,المادة 289 ءعاله ودون اءلخالل بالعقوبة المنصوص عليها في,autre,non_precise,,,aucun,False,False,False
184,المادة 184 ءعاله، يمكن لءلدارة المدبرة للطريق السيار ءو لصاحب االمتياز ءن يعمل على ءيداع الحيوانات التي ترعى في محرم الطريق السيار ءو في مسلك من المسالك الموصلة ءلى الطريق السيار في المحجز.,autre,non_precise,,,aucun,False,False,False
294,المادة 294 في حالة خرق ءحكام البند 10 من,autre,non_precise,,,aucun,False,False,False
289,المادة 289 ءعاله، تطبق ءحكام ءلفرع السابع من,autre,non_precise,,,aucun,False,False,False
17,المادة 17 من قانون المالية 1996 1997. غير ءن الغرامة المطبقة تساوي ست مرات الرسم الواجب ءداءه. في حالة العود، ترفع العقوبة المشار ءليها في ءلفقرة اءلولى ءعاله ءلى الضعف.,sanction,non_precise,,,aucun,True,False,False
295,المادة 295 تطبق ءحكام المواد 290 و291و292 و293 و294 ءعاله، على كل شخص معنوي ساهم ءو شارك في ارتكاب اءلفعال المعاقب عليها في المواد المذكورة.,autre,non_precise,,,"arret, stationnement",False,False,False
296,المادة 296 يمنع، ءال برخصة سابقة تمنحها اءلدارة، القيام بما يلي : 1 ءجراا عمليات الحفر في محرم الطريق العمومية ؛,definition,non_precise,,,aucun,False,False,False
289,المادة 289 ءعاله ؛ 7 فتح منافذ على محرم الطريق العمومية ؛ 8 ءنجاز معابر جوية ءو ممرات تحت ءرضية بمحرم الطريق العمومية، والسيما بخطوط كهرباءية,autre,non_precise,,,aucun,False,False,False
297,المادة 297 دون اءلخالل بالعقوبات اءلشد وبالرغم من اءلحكام المخءلفة، يعاقب بغرامة من خمسة ءءءلف 5.000 ءلى عشرة ءءءلف 10.000 درهم، كل خرق ءلحكام البنود 1 و2 و5 و7 و8 من,sanction,non_precise,,5.0,aucun,True,False,True
296,المادة 296 ءعاله. يحكم على المخءلف، عالوة على ذلك، بمصاريف ءرجاع اءلماكن ءلى حالتها اءلولى ومصاريف اءلصالح، فيما ءذا ءلحق ضرر بمحرم الطريق العمومية.,definition,non_precise,,,aucun,False,False,False
298,المادة 298 دون اءلخالل بالعقوبات اءلشد وبالرغم من اءلحكام المخءلفة، يعاقب بغرامة من ءلف وماءتين 1.200 ءلى خمسة ءءءلف 5.000 درهم، كل خرق ءلحكام البند 3 من,sanction,non_precise,,1.0,aucun,True,False,True
296,المادة 296 ءعاله. يحكم على المخءلف، عالوة على ذلك، بمصاريف ءصالح اءلماكن ودفع القيمة المقدرة للمواد ءو للمنتجات المشار ءليها في البند 3 السءلف الذكر.,definition,non_precise,,,aucun,False,False,False
299,المادة 299 يوجه ءلى كل شخص ءقدم على غرس ءشجار ءو ءقامة ءسيجة دون رخصة، خءلفا ءلحكام البند 4 من,autre,non_precise,,,aucun,False,False,False
296,المادة 296 ءعاله، ءنذار ءلزالتها داخل ءجل ثالثين يوما. دون اءلخالل بالعقوبات اءلشد وبالرغم من اءلحكام المخءلفة، ءذا انصرم هذا اءلجل من غير ءزالة اءلشجار واءلسيجة المذكورة، يعاقب المخءلف بغرامة من ءلف وماءتين 1.200 ءلى خمسة ءءءلف,definition,non_precise,,5.0,aucun,False,False,True
300,المادة 300 دون اءلخالل بالعقوبات اءلشد وبالرغم من اءلحكام المخءلفة، يعاقب بغرامة من خمسماءة 500 ءلى ءلف 1.000 درهم، كل خرق ءلحكام البند 6 من,definition,non_precise,,1.0,aucun,False,False,True
296,المادة 296 ءعاله. في حالة العود، ترفع العقوبة المشار ءليها في ءلفقرة اءلولى ءعاله ءلى الضعف.,definition,non_precise,,,aucun,False,False,False
301,المادة 301 دون اءلخالل بالعقوبات اءلشد وبالرغم من اءلحكام المخءلفة، يعاقب بغرامة من ثالثة ءءءلف 3.000 ءلى خمسة ءءءلف 5.000 درهم، كل خرق ءلحكام البند 9 من,sanction,non_precise,,3.0,aucun,True,False,True
296,المادة 296 ءعاله. يحكم على المخءلف، عالوة على ذلك، بمصاريف ءصالح اءلماكن وءعادتها ءلى حالتها اءلولى. في حالة العود، ترفع العقوبة المشار ءليها في ءلفقرة اءلولى ءعاله ءلى الضعف.,definition,non_precise,,,aucun,False,False,False
302,المادة 302 دون اءلخالل بالعقوبات اءلشد وبالرغم من اءلحكام المخءلفة، يعاقب بغرامة من ماءة ءلف 100.000 ءلى ماءتي ءلف 200.000 درهم، كل من ارتكب، بسبب تهوره ءو عدم احتياطه ءو عدم,sanction,non_precise,,,aucun,True,False,False
296,المادة 296 ءعاله. يحكم على المخءلف، عالوة على ذلك، بمصاريف ءصالح اءلماكن وءعادتها ءلى حالتها اءلولى فيما ءذا ءلحق ضرر بالطريق العمومية ءو بملحقاتها.,definition,non_precise,,,aucun,False,False,False
303,المادة 303 تطبق ءحكام المواد 297 و298 و299 و300 و301و302 ءعاله، على كل شخص معنوي ساهم ءو شارك في ارتكاب اءلفعال المعاقب عليها في المواد المذكورة.,autre,non_precise,,,aucun,False,False,False
304,المادة 304 يخضع لرخصة مسبقة كل استعمال للطرق العمومية من قبل ءي شخص ذاتي ءو معنوي يقوم ءو يعتزم القيام بنشاط قد يترتب عليه ءتءلف الطريق العمومية بسبب سير مكثف ومتكرر للمركبات,sanction,poids_lourd,,26.0,depassement,True,False,True
305,المادة 305 ال تطبق ءحكام هذا القانون على السكك الحديدية الممتدة على قرارة الطريق العمومية وال على المركبات التي تسير على قضبان تلك السكك.,obligation,non_precise,,,aucun,False,False,False
306,المادة 306 ال تطبق ءحكام المواد من 45 ءلى 51 والمواد 64 و65 و66 والمواد من 70 ءلى 79 على المركبات الخاصة بالقوات المسلحة الملكية.,autre,non_precise,,,aucun,False,False,False
307,المادة 307 ال تطبق ءحكام ءلفقرة الثانية من,autre,non_precise,,,aucun,False,False,False
23,المادة 23 من هذا القانون على رخص السياقة المءقتة المحصل عليها قبل تاريخ دخول هذا القانون حيز التنفيذ. يخصص لرخص السياقة المءقتة المذكورة رصيد من 20 نقطة وتطبق على الحاصل عليها، خالل,autre,non_precise,,,aucun,False,False,False
27,المادة 27 من هذا القانون.,autre,non_precise,,,aucun,False,False,False
308,المادة 308 تعتبر رخصة السياقة النهاءية المسلمة قبل تاريخ دخول هذا القانون حيز التنفيذ رخصة سياقة بعد انتهاا ءلفترة االختبارية وتطبق عليها ءحكام هذا القانون.,autre,non_precise,,,permis,False,False,False
309,المادة 309 يجب على اءلشخاص الحاصلين على رخصة السياقة قبل تاريخ دخول هذا القانون حيز التنفيذ القيام بتجديد الحالم الورقي المحررة فيه رخصة السياقة، وفق الكيفية واءءلجال التي تحددها اءلدارة,obligation,non_precise,,,permis,False,False,False
218,المادة 218 .,autre,non_precise,,,aucun,False,False,False
310,المادة 310 يجب على ءصحاب المركبات الخاضعة ءلحكام هذا القانون التقيد بءحكامه وبمقتضيات النصوص الصادرة لتطبيقه داخل ءجل تحدده اءلدارة.,obligation,non_precise,,,aucun,False,False,False
40,المادة 40 ءعاله، يعفى الساءقون بصفة مهنية المزءولون قبل تاريخ دخول هذا القانون حيز التنفيذ من ءلزامية متابعة التكوين التءهيلي اءلولي المشار ءليه في ءلفقرة الثانية من,autre,non_precise,,,aucun,False,False,False
40,المادة 40 المذكورة للحصول على بطاقة ساءق منهي، شريطة تقديم طلب بذلك ءلى اءلدارة داخل ءجل يحدد من قبلها. ويجب ءن يرفق الطلب بما يثبت المزءولة بصفة مهنية وفق الكيفيات التي تحددها اءلدارة .,obligation,non_precise,,,aucun,False,False,False
41,المادة 41 من هذا القانون، يخضع الساءقون المشار ءليهم في ءلفقرة الثانية من هذه المادة للتكوين المستمر ابتداا من السنة الموالية النتهاا اءءلجال المحددة لتقديم طلبات الحصول على بطاقة الساءق المنهي وذلك وفق برنامج تحدده اءلدارة.,autre,non_precise,,,aucun,False,False,False
311,المادة 311 تدخل ءحكام,autre,non_precise,,,aucun,False,False,False
6,المادة 6 والمادة 61 1 وءلفقرة الخامسة من,autre,non_precise,,,aucun,False,False,False
65,المادة 65 من هذا القانون حيز التنفيذ وفق الكيفيات واءءلجال التي تحددها اءلدارة .,autre,non_precise,,,aucun,False,False,False
312,المادة 312 يحدد ءلرباب مءسسات تعليم سياقة السيارات ذات المحرك، المزءولين نشاطهم قبل تاريخ نشر هذا القانون في الجريدة الرسمية، ءجل سنتين من تاريخ دخول هذا القانون حيز التنفيذ، للتقيد,autre,non_precise,,,aucun,False,False,False
259,المادة 259 ءعاله.,autre,non_precise,,,aucun,False,False,False
313,المادة 313 يحدد لءلشخاص الحاصلين على شهادة الكفااة المهنية للمدرب في تعليم سياقة السيارات ذات المحرك، المزءولين عملهم في تاريخ نشر هذا القانون في الجريدة الرسمية، ءجل سنة من تاريخ دخول,autre,non_precise,,,aucun,False,False,False
245,المادة 245 ءعاله. غير ءنهم يعفون من الشرط المحدد في البند 5 من,autre,non_precise,,,aucun,False,False,False
245,المادة 245 ءعاله. يمكن لءلشخاص غير الحاصلين على شهادة الكفااة المهنية للمدرب في تعليم سياقة السيارات ذات المحرك، الذين يثبتون مزءولتهم ملهنة مدرب، ملدة سنة متصلة على اءلقل قبل دخول هذا القانون حيز,autre,non_precise,,,aucun,False,False,False
314,المادة 314 يستمر ءرباب مراكز ءلفحص التقني المزءولون نشاطهم في تاريخ نشر هذا القانون في الجريدة الرسمية، في القيام بءلفحص التقني وفق الرخصة المسلمة ءليهم ودفتر التحمالت المرفق بها. غير ءنه يجب,obligation,non_precise,,,aucun,False,False,False
267,المادة 267 ءعاله ءو االنضمام ءلى ءحدى شبكات مراكز المراقبة التقنية. لهذه الغاية، يجب ءن يكونوا وءحدا ءو ءكثر من اءلشخاص المعنوية المتوفرة على الشروط المحددة,obligation,non_precise,,,aucun,False,False,False
268,المادة 268 تمنح لها رخصة مع التقيد بءحكام,autre,non_precise,,,aucun,False,False,False
267,المادة 267 من هذا القانون. ال تمنح الرخصة ءو الرخص ءال بعد معاينة اءلدارة مطابقة المراكز المعنية ءلحكام هذا القانون وللنصوص الصادرة لتطبيقه.,autre,non_precise,,,aucun,False,False,False
283,المادة 283 ءعاله.,autre,non_precise,,,aucun,False,False,False
315,المادة 315 يحدد لءلشخاص الحاصلين على شهادة الكفااة المهنية للعون ءلفاحص، المزءولين عملهم في تاريخ دخول هذا القانون حيز التنفيذ، ءجل سنة من التاريخ المذكور لتقديم طلب رخصة طبقا ءلحكا م,autre,non_precise,,,aucun,False,False,False
272,المادة 272 ءعاله. غير ءنهم يعفون من الشرط المحدد في البند 6 من,autre,non_precise,,,aucun,False,False,False
272,المادة 272 ءعاله. القسم الثالث ءحكام ختامية,autre,non_precise,,,aucun,False,False,False
316,المادة 316 تنسخ، ابتداا من تاريخ دخول هذا القانون حيز التنفيذ : ءحكام الظهير الشريف الصادر في 3 جمادى اءلولى 1372 19 يناير 1953 بنسخ وتعويض الظهير,autre,voiture_legere,,26.0,aucun,False,False,True
317,المادة 317 تحدد اءلدارة تاريخ دخول ءحكام,autre,non_precise,,,aucun,False,False,False
147,المادة 147 ءعاله حيز التنفيذ وكيفيات تطبيقها، وذلك فيما يخص تحصيل الضريبة الخصوصية السنوية على السيارات والرسم على محور المحرك.,autre,non_precise,,,aucun,False,False,False
318,المادة 318 يدخل هذا القانون حيز التنفيذ ابتداا من فاتح ءكتوبر 2010. المادة الخامسة من القانون رقم 116.14 الصادر بتنفيذه الظهير الشريف,autre,non_precise,,13.0,aucun,False,False,True
7,المادة 7 من القانون رقم 52.05 المتعلقة بمدونة السير على الطرق، كما تم تغييرها بموجب هذا القانون، حيز التنفيذ، فيما يخص الدراجات بمحرك والدراجات رباعية العجالت خفيفة بمحرك والدراجات ثالثية العجالت بمحرك والدراجات ثالثية العجالت خفيفة بمحرك،,autre,non_precise,,,permis,False,False,False
38,المادة 38 من القانون رقم 52.05 المتعلق بمدونة السير على الطرق كما تم تغييرها بهذا القانون، والمتعلقة بمدة صالحية الحالم المحررة فيه رخصة السياقة وتجديده على رخص السياقة المسلمة ابتداا من تاريخ دخول هذا القانون حيز التنفيذ.,autre,non_precise,,,permis,False,False,False
313,المادة 313 من القانون رقم 52.05 المتعلقة بمدونة السير على الطرق، ءجل جديد مدته سنة من تاريخ نشر هذا القانون في الجريدة الرسمية، لتقديم طلب رخصة مدرب لتعليم السياقة.,autre,non_precise,,,aucun,False,False,False
313,المادة 313 من القانون رقم 52.05 المتعلقة بمدونة السير على الطرق، الذين يثبتون مزءولتهم ملهنة مدرب، ملدة سنتين متصلتين على اءلقل قبل نشر هذا القانون في الجريدة الرسمية ءجل جديد مدته سنة من التاريخ السءلف الذكر لتقديم طلب,autre,non_precise,,,aucun,False,False,False
