id,titre,contenu,categorie,sous_type_cancer,stade,ligne,mots_cles,protocole,dosage,effets_secondaires,scenario,reference
SEIN-HER2-001,Cancer du sein HER2+ — Traitement néoadjuvant (double blocage),"Le cancer du sein HER2-positif représente 15 à 20 % des cancers du sein. Il est défini par une surexpression ou amplification de HER2 détectée en IHC (3+) ou par technique FISH/CISH positive. Depuis l'étude Neosphere, le double blocage Trastuzumab + Pertuzumab associé à la chimiothérapie est devenu le standard néoadjuvant pour les stades II et III. L'étude Tryphaena a confirmé l'efficacité de plusieurs schémas avec ou sans anthracyclines en association au double blocage. Ces deux anticorps ne doivent pas être administrés en concomitance aux anthracyclines en raison du risque de cardiotoxicité ; ils sont introduits avec les taxanes. La chirurgie est planifiée dans un délai idéal de 3 semaines après la fin de la chimiothérapie.",traitement,sein_HER2_positif,localisé,néoadjuvant,HER2|Trastuzumab|Pertuzumab|néoadjuvant|double blocage|Neosphere|pCR|EC100|Docétaxel|FISH|IHC,EC100 → Docétaxel + Trastuzumab + Pertuzumab,"Option 1 : EC100 (Épirubicine 100 mg/m² + Cyclophosphamide 500 mg/m² J1) × 3-4 cycles q21j, puis Docétaxel 100 mg/m² J1 q21j × 3-4 cycles + Trastuzumab 8 mg/kg C1 puis 6 mg/kg q21j + Pertuzumab 840 mg C1 puis 420 mg q21j. Option 2 : AC60 (Doxorubicine 60 mg/m² + Cyclophosphamide 600 mg/m²) × 4 cycles + Paclitaxel 80 mg/m² hebdomadaire × 12 + Trastuzumab + Pertuzumab. Option 3 : Docétaxel 75 mg/m² + Carboplatine AUC6 + Trastuzumab + Pertuzumab × 6 cycles. Si pas d'accès au Pertuzumab : mêmes schémas avec Trastuzumab seul.","Cardiotoxicité (FE VG à surveiller), alopécie, neutropénie, nausées, neuropathie périphérique (taxanes)","Fatima, 45 ans, tumeur du sein gauche cT2N1 HER2+ (IHC 3+). Bilan d'extension négatif. Décision RCP : traitement néoadjuvant. Reçoit EC100 × 4 cycles puis Docétaxel + Trastuzumab + Pertuzumab × 4 cycles. Chirurgie à 3 semaines : réponse complète pathologique (pCR). Adjuvant : Trastuzumab + Pertuzumab pour compléter 18 cycles au total.","Guide AMFROM 2024, Cancers du Sein, Section I.A.1, p.13-14"
SEIN-HER2-002,Cancer du sein HER2+ — Traitement adjuvant post-néoadjuvant,"Après traitement néoadjuvant d'un cancer du sein HER2+, la stratégie adjuvante dépend de la réponse histologique obtenue à la chirurgie. En cas de réponse complète pathologique (pCR) : le Trastuzumab ± Pertuzumab doit être poursuivi pour atteindre une durée totale de 18 cycles. En l'absence de pCR (résidu tumoral) : le T-DM1 (Trastuzumab emtansine) est le standard adjuvant, ayant montré dans l'étude Katherine une réduction du risque de rechute de moitié par rapport au Trastuzumab seul. Le T-DM1 a l'AMM au Maroc dans cette indication. Si pas d'accès au Pertuzumab ou au T-DM1 : Trastuzumab seul pour 18 cycles.",traitement,sein_HER2_positif,localisé,adjuvant post-néoadjuvant,pCR|TDM1|T-DM1|Trastuzumab emtansine|Katherine|adjuvant|résidu tumoral|HER2,Si pCR : Trastuzumab ± Pertuzumab × 18 cycles | Si non-pCR : T-DM1 × 18 cycles,"T-DM1 : 3,6 mg/kg IV q21j pour compléter 18 cycles au total. Trastuzumab IV : 6 mg/kg q21j (après dose de charge 8 mg/kg). Trastuzumab SC : 600 mg dose fixe q21j. Pertuzumab : 420 mg q21j (après dose de charge 840 mg).","T-DM1 : thrombopénie, hépatotoxicité, neuropathie, pneumopathie interstitielle","Nadia, 50 ans, cancer du sein HER2+ cT3N2, traitée par EC puis Docétaxel + Trastuzumab + Pertuzumab. Chirurgie : résidu tumoral ypT2N1 (non-pCR). Adjuvant : T-DM1 3,6 mg/kg q21j × 14 cycles (pour compléter 18 au total). Surveillance : NFS, bilan hépatique avant chaque cycle, FEVG tous les 3 mois.","Guide AMFROM 2024, Cancers du Sein, Section I.A.2, p.13-14"
SEIN-HER2-003,Cancer du sein HER2+ — Adjuvant sans néoadjuvant préalable,"Chez les patientes HER2+ opérées d'emblée (sans néoadjuvant), le Trastuzumab associé à la chimiothérapie adjuvante est le standard depuis les 5 grands essais de phase III (>13 000 patientes), réduisant le risque de rechute et de décès de 30 à 50 %. La durée standard est de 12 mois (18 cycles). Pour les patientes à haut risque (atteinte ganglionnaire), l'ajout du Pertuzumab au Trastuzumab améliore la survie sans maladie invasive (étude Aphinity) — AMM Maroc. Le Neratinib en adjuvant prolongé (1 an après Trastuzumab) est une option pour les HER2+ haut risque (étude exteNET) — AMM Maroc. Pour les petites tumeurs pN0 < 2 cm : schéma allégé Paclitaxel hebdomadaire + Trastuzumab 1 an (schéma Tolaney) est l'option préférée discutée en RCP.",traitement,sein_HER2_positif,localisé,adjuvant,adjuvant|Trastuzumab|Pertuzumab|Aphinity|Neratinib|exteNET|Tolaney|HER2|TCH,EC → Docétaxel + Trastuzumab ± Pertuzumab 18 cycles | Option TCH : Docétaxel + Carboplatine + Trastuzumab,Schéma séquentiel : EC100 × 3-4 cycles puis Docétaxel 100 mg/m² q21j × 3-4 cycles + Trastuzumab 8 mg/kg C1 puis 6 mg/kg q21j ± Pertuzumab 840 mg C1 puis 420 mg × 18 cycles. TCH (sans anthracyclines) : Docétaxel 75 mg/m² + Carboplatine AUC6 + Trastuzumab q21j × 6 cycles puis Trastuzumab ± Pertuzumab × 12 cycles. Schéma Tolaney : Paclitaxel 80 mg/m² hebdomadaire × 12 + Trastuzumab 1 an. Neratinib adjuvant prolongé : 240 mg/j en continu × 12 mois.,"Cardiotoxicité (surveillance FEVG), diarrhée (Neratinib +++), neuropathie","Samira, 55 ans, cancer du sein HER2+ pT2N2M0 (haut risque — N+). Chirurgie conservatrice d'emblée. Adjuvant : AC60 × 4 cycles puis Paclitaxel hebdomadaire × 12 + Trastuzumab + Pertuzumab. Pertuzumab + Trastuzumab poursuivis × 18 cycles au total (atteinte ganglionnaire). FEVG surveillée avant traitement, à 3 mois, 6 mois et 12 mois.","Guide AMFROM 2024, Cancers du Sein, Section I.A.3, p.15-17"
SEIN-TNBC-001,Cancer du sein triple négatif — Traitement néoadjuvant (stade précoce),"Le cancer du sein triple négatif (TNBC) est défini par l'absence des récepteurs estrogéniques (RE-), progestéroniques (RP-) et de la surexpression HER2 (HER2-). Il survient préférentiellement chez les femmes jeunes avec une évolution agressive et un fort risque de métastases précoces. En néoadjuvant, le TNBC est chimiosensible avec des taux de pCR élevés. L'ajout du Pembrolizumab à la chimiothérapie néoadjuvante améliore significativement la pCR et la survie sans événement (étude KEYNOTE-522). Le schéma dose-dense est privilégié chez les patientes à haut risque (stade II-III) après les résultats de la méta-analyse EBCTCG (>37 000 patientes).",traitement,sein_triple_negatif,localisé,néoadjuvant,TNBC|triple négatif|Pembrolizumab|KEYNOTE-522|dose-dense|pCR|BRCA|anthracyclines|taxanes,Pembrolizumab + Paclitaxel/Carboplatine → Pembrolizumab + EC,"KEYNOTE-522 : Pembrolizumab 200 mg q21j + Paclitaxel 80 mg/m² J1,J8,J15 + Carboplatine AUC5 J1 q21j × 4 cycles, puis Pembrolizumab 200 mg + EC (Épirubicine 90 mg/m² + Cyclophosphamide 600 mg/m²) × 4 cycles. Schéma classique (sans Pembrolizumab) : AC60 × 4 cycles puis Paclitaxel 80 mg/m² hebdomadaire × 12 ± Carboplatine AUC1,5-2 hebdomadaire.","Immunotoxicité (Pembrolizumab : pneumopathie, thyroïdite, colite), neutropénie fébrile, neuropathie","Khadija, 38 ans, TNBC cT3N2M0, mutation BRCA1 germinale. Néoadjuvant : Pembrolizumab + Paclitaxel + Carboplatine × 4 cycles puis Pembrolizumab + EC × 4 cycles. Réponse à la chirurgie évaluée : non-pCR (résidu tumoral). Adjuvant : Pembrolizumab × 9 cycles + Capécitabine + Olaparib (mutation BRCA).","Guide AMFROM 2024, Cancers du Sein, Section I.B, p.17-24"
SEIN-TNBC-002,Cancer du sein triple négatif — Traitement adjuvant après non-pCR,"En l'absence de réponse complète pathologique (non-pCR) après traitement néoadjuvant d'un TNBC, plusieurs options adjuvantes sont disponibles : La Capécitabine pendant 6 mois améliore la survie sans maladie et la survie globale (étude CreateX — patientes asiatiques principalement). L'Olaparib pendant 1 an est indiqué en cas de mutation germinale BRCA1/2, ayant démontré une amélioration de la survie sans maladie invasive et de la survie globale (étude OlympiA). Si le Pembrolizumab a été initié en néoadjuvant, il doit être poursuivi en adjuvant pour 9 cycles supplémentaires.",traitement,sein_triple_negatif,localisé,adjuvant,Capécitabine|CreateX|Olaparib|OlympiA|BRCA|non-pCR|adjuvant|TNBC,Capécitabine ± Olaparib (si BRCA) + Pembrolizumab (si initié en néoadjuvant),Capécitabine : 1250 mg/m² × 2/j J1-J14 q21j × 8 cycles (6 mois). Olaparib : 300 mg × 2/j en continu × 12 mois (si mutation BRCA germinale). Pembrolizumab adjuvant : 200 mg q21j × 9 cycles supplémentaires.,"Capécitabine : syndrome main-pied, diarrhée, stomatite. Olaparib : anémie, fatigue, nausées","Houda, 42 ans, TNBC néoadjuvant traité par Pembrolizumab + chimiothérapie. Chirurgie : résidu tumoral ypT1N1 (non-pCR). Pas de mutation BRCA. Adjuvant : Capécitabine 1250 mg/m² × 2/j × 8 cycles + Pembrolizumab × 9 cycles. Surveillance : syndrome main-pied, glycémie, bilan thyroïdien.","Guide AMFROM 2024, Cancers du Sein, Section I.B, p.20-24"
SEIN-LUMINAL-001,Cancer du sein RH+/HER2- localisé — Hormonothérapie adjuvante,"Les cancers du sein RH+/HER2- représentent 65 % des cancers du sein. Ils se caractérisent par un risque de rechute faible mais persistant sur plusieurs années. Tous les cancers RH+/HER2- doivent recevoir une hormonothérapie adjuvante. Le Tamoxifène 5 à 10 ans est le standard chez la femme pré-ménopausée. Les anti-aromatases (Létrozole, Anastrozole, Exemestane) sont préférées chez les femmes ménopausées ou après castration médicale/chirurgicale. L'Abémaciclib (CDK4/6 inhibiteur) pendant 2 ans en association à l'hormonothérapie réduit le risque de rechute dans les cancers à haut risque (N+, stade II/III élevé). L'Olaparib 300 mg × 2/j × 12 mois en association à l'hormonothérapie est indiqué si mutation BRCA germinale (étude OlympiA).",traitement,sein_luminal_RH+_HER2-,localisé,adjuvant,RH+|HER2-|Tamoxifène|anti-aromatases|Létrozole|Abémaciclib|Olaparib|hormonothérapie|adjuvant,Tamoxifène 5-10 ans (pré-ménopause) / Anti-aromatase 5 ans (post-ménopause) ± Abémaciclib 2 ans,"Tamoxifène : 20 mg/j en continu × 5-10 ans. Létrozole : 2,5 mg/j en continu × 5 ans. Anastrozole : 1 mg/j en continu × 5 ans. Exemestane : 25 mg/j en continu × 5 ans. Abémaciclib (haut risque N+) : 150 mg × 2/j × 24 mois + hormonothérapie. Olaparib (BRCA muté) : 300 mg × 2/j × 12 mois + hormonothérapie. Acide zolédronique (ménopausées) : 4 mg IV q6 mois.","Bouffées de chaleur, ostéoporose (anti-aromatases), thrombo-embolie (Tamoxifène), diarrhée (Abémaciclib), neutropénie (Abémaciclib)","Leila, 58 ans, ménopausée, cancer du sein RH+ HER2- pT2N2M0 (N+ haut risque). Chimiothérapie adjuvante : EC × 4 puis Docétaxel × 4. Hormonothérapie : Létrozole 2,5 mg/j × 5 ans + Abémaciclib 150 mg × 2/j × 2 ans. DEXA au diagnostic puis tous les 2 ans. Supplémentation Ca + vit D.","Guide AMFROM 2024, Cancers du Sein, Section I.C, p.25-32"
SEIN-LUMINAL-002,Cancer du sein RH+/HER2- métastatique — 1ère ligne CDK4/6 + hormonothérapie,"Dans le cancer du sein RH+/HER2- métastatique, l'hormonothérapie est le traitement de référence en dehors de la crise viscérale ou de la maladie oligométastatique. La méta-analyse Cochrane 2003 et la database ESME confirment que la chimiothérapie n'apporte pas de bénéfice supplémentaire en première ligne par rapport à l'hormonothérapie. L'association d'un inhibiteur CDK4/6 (Palbociclib, Ribociclib ou Abémaciclib) à l'hormonothérapie est le standard actuel en 1ère ligne métastatique, améliorant significativement la survie sans progression. En cas de mutation PIK3CA (détectée sur biopsie liquide), l'Alpelisib peut être associé au Fulvestrant après progression sous CDK4/6 inhibiteur.",traitement,sein_luminal_RH+_HER2-,métastatique,1ère ligne,RH+|CDK4/6|Palbociclib|Ribociclib|Abémaciclib|Fulvestrant|Létrozole|PIK3CA|Alpelisib|BOLERO|Everolimus,CDK4/6 inhibiteur + hormonothérapie,"Palbociclib 125 mg/j J1-J21 q28j + Létrozole 2,5 mg/j OU Fulvestrant 500 mg J1,J15 puis q28j. Ribociclib 600 mg/j J1-J21 q28j + Létrozole 2,5 mg/j OU Fulvestrant 500 mg. Abémaciclib 150 mg × 2/j en continu + Létrozole 2,5 mg/j OU Fulvestrant 500 mg. Après progression CDK4/6 : si mutation PIK3CA → Alpelisib 300 mg/j + Fulvestrant. Option post-CDK4/6 : Everolimus 10 mg/j + Exemestane 25 mg/j (étude BOLERO).","Neutropénie (Palbociclib ++), prolongation QT (Ribociclib), hyperglycémie (Alpelisib), diarrhée (Abémaciclib), pneumopathie (Everolimus)","Najat, 62 ans, ménopausée, récidive métastatique osseuse RH+/HER2- (2ème localisation : foie). Biopsie liquide : mutation PIK3CA. Traitement 1ère ligne : Ribociclib + Létrozole. Progression à 18 mois → Alpelisib 300 mg/j + Fulvestrant. Surveillance : glycémie J1, J15 puis mensuelle (risque hyperglycémie ++).","Guide AMFROM 2024, Cancers du Sein, Section II.I, III.A, p.32-47"
SEIN-HER2-META-001,Cancer du sein HER2+ métastatique — 1ère et 2ème ligne,"Le cancer du sein HER2+ métastatique bénéficie en 1ère ligne de l'association Pertuzumab + Trastuzumab + Docétaxel (étude CLEOPATRA), qui est le standard mondial. Les thérapies ciblant HER2 doivent être poursuivies jusqu'à progression ou toxicité. Les taxanes sont administrés 4 à 8 cycles selon la tolérance. En 2ème ligne : le T-DM1 (Trastuzumab emtansine) a montré sa supériorité sur Lapatinib + Capécitabine (étude EMILIA). En 3ème ligne ou plus : Tucatinib + Trastuzumab + Capécitabine (HER2CLIMB), Trastuzumab Deruxtécan (T-DXd), Lapatinib + Capécitabine ou Neratinib + Capécitabine.",traitement,sein_HER2_positif,métastatique,1ère-3ème ligne,HER2+|Pertuzumab|Trastuzumab|Docétaxel|CLEOPATRA|TDM1|EMILIA|Tucatinib|HER2CLIMB|T-DXd,1L : Pertuzumab + Trastuzumab + Docétaxel | 2L : T-DM1 | 3L : Tucatinib + Tras + Cape,"1ère ligne : Pertuzumab 840 mg C1 puis 420 mg q21j + Trastuzumab 8 mg/kg C1 puis 6 mg/kg q21j + Docétaxel 75 mg/m² C1 puis 100 mg/m² q21j × 4-8 cycles puis maintenance Pertuzumab + Trastuzumab. 2ème ligne : T-DM1 3,6 mg/kg IV q21j jusqu'à progression. 3ème ligne : Tucatinib 300 mg × 2/j + Trastuzumab 6 mg/kg q21j + Capécitabine 1000 mg/m² × 2/j J1-J14 q21j.","Diarrhée (Tucatinib ++), thrombopénie + hépatotoxicité (T-DM1), syndrome main-pied (Capécitabine)","Samira, 52 ans, cancer du sein HER2+ avec métastases hépatiques et osseuses. 1ère ligne : Pertuzumab + Trastuzumab + Docétaxel × 6 cycles puis maintenance. Progression à 24 mois → 2ème ligne : T-DM1 jusqu'à progression. Progression à 8 mois → 3ème ligne : Tucatinib + Trastuzumab + Capécitabine.","Guide AMFROM 2024, Cancers du Sein, Section II.A, p.37-39"
SEIN-TNBC-META-001,Cancer du sein triple négatif métastatique — Protocoles thérapeutiques,"Le TNBC métastatique a un pronostic sombre avec une médiane de survie globale de 15 à 18 mois. Plusieurs options thérapeutiques sont disponibles selon la ligne. En 1ère ligne avec CPS ≥ 10 : Pembrolizumab + chimiothérapie. En cas de mutation germinale BRCA1/2 (testing BRCA désormais théranostique) : Olaparib ou Talazoparib en monothérapie (1ère à 3ème ligne). L'anticorps conjugué Sacituzumab Govitecan (Trodelvy) ciblant Trop-2 a montré une efficacité supérieure au traitement du médecin (étude ASCENT). Autres options : Capécitabine, Gemcitabine, Vinorelbine, Doxorubicine liposomale.",traitement,sein_triple_negatif,métastatique,1ère-3ème ligne,TNBC|Pembrolizumab|CPS|BRCA|Olaparib|Talazoparib|Sacituzumab|Trop-2|ASCENT|immunothérapie,Pembrolizumab + CT (si CPS≥10) | Olaparib (BRCA muté) | Sacituzumab Govitecan,"1L CPS ≥ 10 : Pembrolizumab 200 mg J1 q21j + Paclitaxel 90 mg/m² J1,J8,J15 q28j. OU Pembrolizumab 200 mg J1 q21j + Gemcitabine 1000 mg/m² + Carboplatine AUC2 J1,J8 q21j. Olaparib (BRCA muté) : 300 mg × 2/j en continu. Talazoparib (BRCA muté) : 1 mg/j en continu. Sacituzumab Govitecan : 10 mg/kg J1,J8 q21j (si disponible). Capécitabine mono : 1000 mg/m² × 2/j J1-J14 q21j.","Pembrolizumab : immunotoxicité. Olaparib : anémie, fatigue. Sacituzumab : diarrhée sévère, neutropénie","Zineb, 44 ans, TNBC métastatique CPS = 15, mutation BRCA2 germinale. 1ère ligne : Pembrolizumab + Paclitaxel. Progression à 10 mois. 2ème ligne : Olaparib 300 mg × 2/j (bénéfice mutation BRCA). Réponse partielle.","Guide AMFROM 2024, Cancers du Sein, Section II.B, p.38-43"
CCR-LOCAL-001,Cancer colorectal localisé — Chimiothérapie adjuvante (stades II-III),"Après résection chirurgicale complète d'un cancer colorectal, une chimiothérapie adjuvante est indiquée en stade III (ganglions envahis) et discutée pour les stades II à facteurs de mauvais pronostic (T4, perforation, moins de 12 ganglions examinés, emboles lymphatiques, MSI stable). Les protocoles recommandés de grade A sont : XELOX (Capécitabine + Oxaliplatine) ou FOLFOX4 simplifié pendant 6 mois (12 cycles). Le statut MSI (instabilité microsatellitaire) doit être évalué systématiquement : les tumeurs MSI-H de stade II n'ont pas de bénéfice de la chimiothérapie adjuvante. L'immunothérapie néoadjuvante (nivolumab, dostarlimab) a montré des résultats prometteurs dans les cancers colorectaux MSI en phase II.",traitement,colorectal,localisé,adjuvant,FOLFOX|XELOX|Oxaliplatine|Capécitabine|adjuvant|MSI|RAS|BRAF|stade III,XELOX q21j × 8 cycles (6 mois) | mFOLFOX6 q14j × 12 cycles (6 mois),XELOX : Capécitabine 1 g/m² × 2/j J1-J14 + Oxaliplatine 130 mg/m² J1 q21j × 8 cycles. mFOLFOX6 / FOLFOX4 simplifié : Acide folinique 400 mg/m² en 2h + 5-FU 400 mg/m² bolus + 5-FU 2400 mg/m² sur 46h en continu + Oxaliplatine 85 mg/m² q14j × 12 cycles. Stade II MSI-H : surveillance seule recommandée (pas de bénéfice chimiothérapie adjuvante).,"Neuropathie périphérique (Oxaliplatine, cumulatif), syndrome main-pied (Capécitabine), neutropénie","Hassan, 58 ans, adénocarcinome du côlon droit réséqué pT3N2M0 (stade III). Statut RAS muté, BRAF sauvage, MSS. 12 ganglions examinés, 5 envahis. Adjuvant : mFOLFOX6 q14j × 12 cycles. Dose Oxaliplatine réduite à 65 mg/m² après grade 2 neuropathie à cycle 8.","Guide AMFROM 2024, Cancers Digestifs, Section III.A.1, p.79-82"
CCR-META-001,Cancer colorectal métastatique — 1ère ligne (RAS muté et sauvage),"Le cancer colorectal métastatique (CCRm) nécessite l'évaluation du profil moléculaire complet avant tout traitement : statut RAS (KRAS/NRAS), BRAF V600E, MSI et HER2. La résécabilité des métastases doit être discutée en équipe multidisciplinaire. En 1ère ligne, les protocoles recommandés selon le statut RAS et la résécabilité sont : Pour les métastases résécables ou potentiellement résécables (tous statuts RAS) : FOLFOX ou FOLFIRI ± thérapie ciblée pour une conversion. Pour les métastases jamais résécables avec RAS muté : XELOX/FOLFOX + Bevacizumab. Pour le RAS sauvage : FOLFOX/FOLFIRI + anti-EGFR (Cétuximab ou Panitumumab). Pour les MSI-H/dMMR : Pembrolizumab en monothérapie (KEYNOTE-177).",traitement,colorectal,métastatique,1ère ligne,FOLFOX|FOLFIRI|XELOX|Bevacizumab|Cétuximab|Panitumumab|anti-EGFR|RAS|MSI-H|Pembrolizumab|KEYNOTE-177,XELOX/FOLFOX + Bevacizumab (RAS muté) | FOLFOX/FOLFIRI + Cétuximab (RAS sauvage) | Pembrolizumab (MSI-H),"XELOX + Bevacizumab : Capécitabine 1 g/m² × 2/j J1-J14 + Oxaliplatine 130 mg/m² + Bevacizumab 7,5 mg/kg q21j. FOLFOX + Bevacizumab : Acide folinique 400 mg/m² + 5-FU 400 mg/m² bolus + 5-FU 2400 mg/m² 46h + Oxaliplatine 85 mg/m² + Bevacizumab 5 mg/kg q14j. Cétuximab : 500 mg/m² q14j (bimensuel) OU 400 mg/m² initial puis 250 mg/m² hebdo. Panitumumab : 6 mg/kg q14j. Pembrolizumab (MSI-H) : 200 mg q21j jusqu'à progression.","Bevacizumab : HTA, protéinurie, risque thrombo-embolique. Anti-EGFR : acné-like, hypomagnésémie. 5-FU : mucite, diarrhée","Mohamed, 65 ans, adénocarcinome côlon gauche, métastases hépatiques bilobaires, RAS sauvage, BRAF sauvage, MSS. Multidisciplinaire : non résécable d'emblée. 1ère ligne : FOLFIRI + Cétuximab → réponse partielle à 4 cycles. Réévaluation chirurgicale à 8 cycles : résection R0 hépatique possible. Conversion !","Guide AMFROM 2024, Cancers Digestifs, Section III.A.2, p.83-91"
CCR-META-002,Cancer colorectal métastatique — 2ème ligne et au-delà,"En 2ème ligne de CCRm, les options dépendent du traitement reçu en 1ère ligne et du statut moléculaire. Après FOLFOX : FOLFIRI ± Bevacizumab (continuation du Bevacizumab au-delà de la progression si pas de contre-indication — étude ML18147). Après FOLFIRI : FOLFOX ± Bevacizumab. En 3ème ligne et au-delà : Regorafénib 120-160 mg/j ou Trifluridine/Tipiracil (TAS-102) 70 mg/m²/j sont les standards de grade A. En cas de RAS sauvage n'ayant pas reçu d'anti-EGFR : Cétuximab ou Panitumumab.",traitement,colorectal,métastatique,2ème ligne et au-delà,2ème ligne|Regorafénib|TAS-102|Trifluridine|Bevacizumab|FOLFIRI|FOLFOX|anti-EGFR,2L : FOLFIRI/FOLFOX ± Bevacizumab | 3L : Regorafénib ou TAS-102,"Regorafénib : 120 mg/j J1-J21 q28j, augmenter à 160 mg si bonne tolérance. TAS-102 (Trifluridine/Tipiracil) : 70 mg/m²/j J1-J5, J8-J12 q28j per os. FOLFIRI 2ème ligne : Irinotécan 180 mg/m² + AF 400 mg/m² + 5-FU 400 mg/m² bolus + 5-FU 2400 mg/m² 46h ± Bevacizumab 5 mg/kg q14j. Cétuximab monothérapie : 500 mg/m² q14j (RAS sauvage 3ème ligne).","Regorafénib : HTA, toxicité cutanée palmoplantaire, fatigue. TAS-102 : neutropénie, anémie","Ahmed, 70 ans, CCRm RAS muté, progression après FOLFOX + Bevacizumab (1ère ligne). 2ème ligne : FOLFIRI + Bevacizumab (ML18147 — continuation Bevacizumab). Nouvelle progression → 3ème ligne : Regorafénib 120 mg/j × 3 semaines sur 4. Tolérance acceptable, PA bien contrôlée sous antihypertenseurs.","Guide AMFROM 2024, Cancers Digestifs, Section III.A.2, p.91"
ESTOMAC-001,Cancer de l'estomac localisé — Chimiothérapie péri-opératoire,"La chimiothérapie péri-opératoire est le standard thérapeutique dans les cancers gastriques résécables d'emblée (stades II et plus). Les essais MAGIC (ECF) et FFCD (LV5FU2-Cisplatine) ont démontré un bénéfice en survie globale. Le protocole FLOT (Docétaxel + Oxaliplatine + Leucovorine + 5-FU) a montré sa supériorité au ECF dans un essai de phase III allemand (médiane SG : 50 vs 35 mois) et est désormais le standard en péri-opératoire. Le protocole consiste en 4 cycles pré-opératoires + chirurgie + 4 cycles post-opératoires. En cas d'adénocarcinome gastro-œsophagien HER2+ résécable, l'ajout de Trastuzumab + Pertuzumab au FLOT améliore le taux de réponse pathologique complète (35 % vs 12 %).",traitement,estomac,localisé,péri-opératoire,FLOT|ECF|péri-opératoire|Docétaxel|Oxaliplatine|5-FU|HER2|estomac|MAGIC,FLOT × 4 cycles pré-op + chirurgie + FLOT × 4 cycles post-op,FLOT : Docétaxel 50 mg/m² J1 + Oxaliplatine 85 mg/m² J1 + Acide folinique 200 mg/m² J1 + 5-FU 2600 mg/m² en perfusion continue 24h J1 q14j. ECF (alternative) : Épirubicine 50 mg/m² J1 + Cisplatine 60 mg/m² J1 + 5-FU 200 mg/m²/j en perfusion continue × 21j q21j. Si HER2+ : FLOT + Trastuzumab 8 mg/kg C1 puis 6 mg/kg q21j + Pertuzumab.,"FLOT : neutropénie fébrile (G-CSF recommandé), neuropathie, diarrhée, stomatite","Abderrahim, 62 ans, adénocarcinome gastrique cT3N2M0 (stade IIIA) résécable. Profil HER2 négatif, RAS non évalué. Plan FLOT péri-opératoire : 4 cycles pré-op. Chirurgie (gastrectomie totale D2) à semaine 10. FLOT × 4 cycles post-op. G-CSF prophylaxie primaire obligatoire (risque NF > 20%).","Guide AMFROM 2024, Cancers Digestifs, Section III.B.1, p.102-104"
ESTOMAC-META-001,Cancer de l'estomac métastatique — 1ère et 2ème ligne,"En 1ère ligne métastatique, la stratégie dépend du statut HER2. Pour les patients HER2+ (15 % des cas) : 5-FU/Capécitabine + Cisplatine + Trastuzumab (étude ToGA) est le standard. Ou FOLFOX + Trastuzumab. Pour les patients non-HER2+ (et PD-L1 CPS ≥ 5) : Nivolumab + chimiothérapie (FOLFOX ou XELOX) améliore la survie globale (CheckMate 649). En 2ème ligne : Ramucirumab + Paclitaxel est le standard (étude RAINBOW — médiane SG 9,6 mois vs 7,4 mois). En l'absence de neuropathie : Ramucirumab + Paclitaxel 80 mg/m² J1,J8,J15 q28j.",traitement,estomac,métastatique,1ère-2ème ligne,HER2|Trastuzumab|ToGA|Nivolumab|Ramucirumab|Paclitaxel|FOLFOX|CheckMate649|PD-L1|CPS,HER2+ : Cisplatine/5FU + Trastuzumab | PD-L1+ : FOLFOX + Nivolumab | 2L : Ramucirumab + Paclitaxel,"1L HER2+ : 5-FU 800 mg/m² J1-J5 OU Capécitabine 1 g/m² × 2/j J1-J14 + Cisplatine 80 mg/m² q21j + Trastuzumab 8 mg/kg C1 puis 6 mg/kg q21j jusqu'à progression. 1L PD-L1+ : Nivolumab 360 mg q21j + XELOX OU FOLFOX × 6-8 cycles puis Nivolumab. 2L : Ramucirumab 8 mg/kg J1,J15 + Paclitaxel 80 mg/m² J1,J8,J15 q28j. Option 2L : Docétaxel 75 mg/m² q21j OU Irinotécan 350 mg/m² q21j OU FOLFIRI.","Cardiotoxicité (Trastuzumab), HTA + thrombose (Ramucirumab), neuropathie (Paclitaxel)","Brahim, 58 ans, adénocarcinome gastrique HER2+ CPS = 8, métastases hépatiques et péritonéales. 1ère ligne : Capécitabine + Cisplatine + Trastuzumab. Réponse partielle 6 mois. Progression → 2ème ligne : Ramucirumab 8 mg/kg J1,J15 + Paclitaxel 80 mg/m² J1,J8,J15.","Guide AMFROM 2024, Cancers Digestifs, Section III.B.2, p.108-109"
PANCREAS-001,Cancer du pancréas localisé résécable — Chimiothérapie adjuvante,"Après résection pancréatique pour cancer, une chimiothérapie adjuvante est indiquée. Le FOLFIRINOX modifié pendant 6 mois (12 cycles) a montré sa supériorité sur la Gemcitabine seule dans l'étude de phase III PRODIGE 24 (SG médiane 54,4 vs 35 mois, HR 0,64) chez les patients OMS 0-1, sans diarrhée majeure ni contre-indication cardiaque au 5-FU. En cas de mutation germinale BRCA1/2 : l'Olaparib en maintenance après 4 mois de chimiothérapie à base de platine améliore la SSP (étude POLO, HR 0,53). L'Olaparib n'a pas encore l'AMM au Maroc dans cette indication.",traitement,pancreas,localisé,adjuvant,pancréas|FOLFIRINOX|PRODIGE24|Gemcitabine|adjuvant|BRCA|Olaparib|POLO,mFOLFIRINOX × 12 cycles (6 mois) | Alternative : Gemcitabine,"mFOLFIRINOX (modifié, sans 5-FU bolus) : Oxaliplatine 85 mg/m² J1 + Irinotécan 150 mg/m² J1 + AF 400 mg/m² J1 + 5-FU 2400 mg/m² 46h q14j × 12 cycles. Gemcitabine (alternative ou OMS 2) : 1000 mg/m² J1,J8,J15 q28j × 6 cycles. Olaparib maintenance (BRCA muté, après platine) : 300 mg × 2/j en continu.","FOLFIRINOX : neurotoxicité, diarrhée, alopécie, fatigue. G-CSF recommandé (risque NF > 20%)","Driss, 55 ans, OMS 1, adénocarcinome de la tête du pancréas, résection R0 (Whipple). Pas de mutation BRCA. Adjuvant : mFOLFIRINOX × 12 cycles. À cycle 6 : neuropathie grade 2 → réduction Oxaliplatine à 65 mg/m².","Guide AMFROM 2024, Cancers Digestifs, Section III.E.1, p.124-126"
CHC-001,Carcinome hépato-cellulaire avancé — 1ère ligne,"Le carcinome hépato-cellulaire (CHC) est une pathologie chimiorésistante : aucune chimiothérapie conventionnelle n'a démontré de bénéfice en survie. Le Sorafénib (anti-VEGFR, anti-PDGFR, anti-BRAF) a été le premier standard (étude SHARP, SG 10,7 vs 7,9 mois) chez les patients Child-Pugh A, OMS 0-2, non éligibles à un traitement curatif. L'association Atézolizumab + Bévacizumab (IMbrave150) a montré une supériorité en survie globale (19,2 vs 13,4 mois, HR 0,66) et est désormais le standard en 1ère ligne (en attente AMM Marocaine). Un bilan endoscopique et traitement préventif des varices œsophagiennes sont obligatoires avant l'instauration du Bévacizumab.",traitement,hepato_cellulaire,avancé,1ère ligne,CHC|hépatocarcinome|Sorafénib|SHARP|Atézolizumab|Bévacizumab|IMbrave150|Child-Pugh|VEGFR,Atézolizumab + Bévacizumab q21j | Alternative : Sorafénib 800 mg/j | Option : Lénvatinib,"1ère ligne préférentielle : Atézolizumab 1200 mg + Bévacizumab 15 mg/kg q21j (en attente AMM Marocaine). Sorafénib : 800 mg/j en 2 prises (2 cp de 200 mg × 2/j) en continu, si contre-indication à l'association Atézolizumab-Bévacizumab. Lénvatinib : 12 mg/j si poids ≥ 60 kg OU 8 mg/j si poids < 60 kg en continu. 2ème ligne (post-Sorafénib) : Regorafénib 160 mg/j J1-J21 q28j OU Cabozantinib 60 mg/j OU Ramucirumab (si AFP ≥ 400 ng/ml).","Sorafénib : HTA, syndrome main-pied, diarrhée. Bévacizumab : risque saignement varices +++","Said, 65 ans, CHC sur cirrhose Child-Pugh A, BCLC stade B-C, non éligible à la chimio-embolisation (atteinte bilobaire). Endoscopie digestive : varices grade II ligaturées. Délai 4 semaines. Traitement : Atézolizumab + Bévacizumab q21j. Surveillance : bilan hépatique, PA mensuelle.","Guide AMFROM 2024, Cancers Digestifs, Section III.G, p.138-140"
POUMON-CPNPC-ADJ-001,CPNPC localisé — Chimiothérapie adjuvante et immunothérapie,La chimiothérapie adjuvante à base de Cisplatine est un standard thérapeutique dans les CPNPC stades II et III (méta-analyse LACE). L'association Cisplatine-Vinorelbine est la plus efficace en adjuvant. En cas de mutation EGFR (stades IB-IIIA) : l'Osimertinib 80 mg/j pendant 3 ans après chirurgie et chimiothérapie adjuvante améliore significativement la survie sans récidive (ADAURA). En cas de réarrangement ALK et résection chirurgicale : l'Alectinib en adjuvant est une option validée par ALINA. L'immunothérapie péri-opératoire (Nivolumab/Durvalumab/Pembrolizumab) a démontré un bénéfice mais n'a pas l'AMM au Maroc.,traitement,poumon_CPNPC,localisé,adjuvant,CPNPC|Cisplatine|Vinorelbine|adjuvant|EGFR|Osimertinib|ADAURA|ALK|Alectinib|LACE,Vinorelbine + Cisplatine × 4 cycles | Si EGFR muté : + Osimertinib 3 ans | Si ALK+ : Alectinib,"Vinorelbine 25 mg/m² J1,J8 + Cisplatine 80 mg/m² J1 q21j × 4 cycles. Option fragile : Paclitaxel 220 mg/m² + Carboplatine AUC6 q21j × 4 cycles. Option non-épidermoïde : Cisplatine 75 mg/m² + Pémétrexed 500 mg/m² q21j × 4 cycles. Osimertinib (EGFR muté, stade IB-IIIA) : 80 mg/j en continu × 3 ans. Atézolizumab adjuvant (non-épidermoïde, PD-L1+ ≥ 1%) : 1200 mg q21j × 16 cycles (si AMM).","Neuropathie (Cisplatine), neutropénie (Vinorelbine), dermatite (Osimertinib), pneumopathie interstitielle (rash EGFR-inhibiteurs)","Omar, 58 ans, adénocarcinome pulmonaire résécable pT2bN1M0 (stade IIB), mutation EGFR exon 19 del. Lobectomie droite. Adjuvant : Cisplatine + Pémétrexed × 4 cycles. Puis Osimertinib 80 mg/j × 3 ans. Surveillance TDM thoracique q6 mois.","Guide AMFROM 2024, Cancers Pulmonaires, Section IV.A.1, p.150-152"
POUMON-CPNPC-META-001,CPNPC métastatique — Sans altération moléculaire actionnable,"En l'absence d'altération moléculaire actionnable (EGFR, ALK, ROS1, BRAF), le traitement dépend du score PD-L1. Si PD-L1 TPS ≥ 50 % : Pembrolizumab en monothérapie est le standard (KEYNOTE-024 — SG médiane 26,3 mois vs 14,2 mois). Si PD-L1 TPS 1-49 % ou < 1 % : chimiothérapie à base de platine + Pembrolizumab est recommandée. L'association Nivolumab + Ipilimumab (CheckMate 227) est une alternative mais ces molécules ne sont pas disponibles au Maroc. La chimiothérapie seule (Cisplatine + Paclitaxel/Pémétrexed/Gemcitabine) reste une option si immunothérapie non disponible.",traitement,poumon_CPNPC,métastatique,1ère ligne,CPNPC|PD-L1|Pembrolizumab|KEYNOTE-024|Carboplatine|Paclitaxel|Pémétrexed|immunothérapie,PD-L1 ≥ 50% : Pembrolizumab mono | PD-L1 < 50% : CT + Pembrolizumab,Pembrolizumab mono (TPS ≥ 50%) : 200 mg q21j jusqu'à progression ou 2 ans. CT + Pembrolizumab : Carboplatine AUC5 + Paclitaxel 175-200 mg/m² q21j × 4-6 cycles + Pembrolizumab 200 mg q21j puis maintenance Pembrolizumab. Non-épidermoïde : Carboplatine AUC5 + Pémétrexed 500 mg/m² q21j + Pembrolizumab × 4 cycles puis maintenance Pémétrexed + Pembrolizumab. CT seule : Cisplatine 75 mg/m² + Pémétrexed 500 mg/m² OU Gemcitabine 1250 mg/m² q21j.,"Pembrolizumab : pneumopathie, thyroïdite, colite auto-immune, hépatite. Pémétrexed : mucite (acide folique + vit B12 obligatoires)","Youssef, 68 ans, adénocarcinome pulmonaire stade IV non épidermoïde, PD-L1 TPS 70%, pas d'altération EGFR/ALK/ROS1/BRAF. 1ère ligne : Pembrolizumab 200 mg q21j en monothérapie. Réponse partielle à 3 mois. IRM cérébrale de surveillance q6 mois.","Guide AMFROM 2024, Cancers Pulmonaires, Section IV.A.2, p.153-158"
POUMON-CPNPC-EGFR-001,CPNPC métastatique — Mutation EGFR : traitement par ITK,"En cas de mutation EGFR (exons 18-21), les inhibiteurs de tyrosine kinase (ITK) sont le traitement de 1ère ligne standard, supérieurs à la chimiothérapie. L'Osimertinib (3ème génération) est le standard actuel en 1ère ligne (FLAURA — SG médiane 38,6 vs 31,8 mois) car il est efficace sur les mutations communes et résistantes (T790M) et pénètre dans le cerveau. Les ITK de 1ère/2ème génération (Géfitinib, Erlotinib, Afatinib) restent des options. En 2ème ligne après ITK de 1ère/2ème génération et mutation T790M : Osimertinib. En 3ème ligne ou après Osimertinib : chimiothérapie platine + Pémétrexed ou Amivantamab + Lazertinib (si available).",traitement,poumon_CPNPC,métastatique,1ère-3ème ligne EGFR,EGFR|Osimertinib|FLAURA|Géfitinib|Erlotinib|Afatinib|T790M|ITK|CPNPC|métastatique,1L : Osimertinib 80 mg/j | 2L (T790M) : Osimertinib | 3L : CT platine,Osimertinib 80 mg/j en continu (1ère ligne et 2ème ligne T790M+). Géfitinib 250 mg/j en continu (option 1ère ligne). Erlotinib 150 mg/j en continu (option 1ère ligne). Afatinib 40 mg/j en continu (option 1ère ligne — mutations non communes incluses). Après progression Osimertinib : Carboplatine AUC5 + Pémétrexed 500 mg/m² q21j ou analyser la mutation de résistance (NGS biopsie liquide).,"Rash acnéiforme, diarrhée, paronychia (all ITK). Osimertinib : QTc prolongation, cardiomyopathie rare","Rachida, 50 ans, non-fumeuse, adénocarcinome pulmonaire stade IV, mutation EGFR exon 21 L858R, métastases cérébrales asymptomatiques. 1ère ligne : Osimertinib 80 mg/j (pénétration cérébrale ++). Réponse cérébrale complète à 3 mois. TDM thoracique q3 mois, IRM cérébrale q6 mois.","Guide AMFROM 2024, Cancers Pulmonaires, Section IV.A.2, p.162"
POUMON-CPNPC-ALK-001,CPNPC métastatique — Réarrangement ALK : traitement par inhibiteurs ALK,"Le réarrangement ALK (5-7 % des CPNPC) est traité par les inhibiteurs de kinase ALK. L'Alectinib est le standard en 1ère ligne (ALEX — SG supérieure au Crizotinib, meilleure pénétration cérébrale, PFS médiane 34,8 mois). Le Brigatinib et le Lorlatinib (3ème génération) sont également actifs en 1ère ligne. En 2ème ligne après Crizotinib : Alectinib, Brigatinib ou Céritinib. En 3ème ligne ou résistance à l'Alectinib : Lorlatinib (actif sur toutes les mutations de résistance ALK connues).",traitement,poumon_CPNPC,métastatique,1ère-3ème ligne ALK,ALK|Alectinib|ALEX|Brigatinib|Lorlatinib|Céritinib|Crizotinib|CPNPC,1L : Alectinib 600 mg × 2/j | 2L (post-Crizotinib) : Alectinib/Brigatinib | 3L : Lorlatinib,"Alectinib 600 mg × 2/j per os en continu (avec nourriture). Brigatinib 90 mg/j × 7 jours puis 180 mg/j en continu. Lorlatinib 100 mg/j en continu. Céritinib 450 mg/j avec nourriture OU 750 mg/j à jeun. Crizotinib 250 mg × 2/j per os en continu (moins utilisé, 1ère génération).","Alectinib : myalgie, bradycardie, élévation CPK. Brigatinib : pneumopathie précoce (J1-J7 ++). Lorlatinib : hyperlipidémie, œdèmes","Amine, 38 ans, non-fumeur, CPNPC adénocarcinome stade IV, réarrangement ALK, PD-L1 0%. Métastases cérébrales multiples. 1ère ligne : Alectinib 600 mg × 2/j. Réponse cérébrale complète confirmée à 6 mois par IRM. Suivi tous les 3 mois.","Guide AMFROM 2024, Cancers Pulmonaires, Section IV.A.2, p.163"
POUMON-CPPC-001,CPPC — Maladie limitée et étendue : Protocoles standard,"Le cancer du poumon à petites cellules (CPPC) est très chimiosensible initialement mais rechute rapidement. Maladie limitée (stades I-III) : Chimiothérapie systémique × 4 cycles en association concomitante à une radiothérapie thoracique (débutée au 3ème cycle). Irradiation prophylactique encéphalique (IPC) discutée chez les répondeurs complets. Maladie étendue : Doublet étoposide-platine ± immunothérapie (Atézolizumab — IMpower133). L'Atézolizumab en association à Carboplatine + Étoposide améliore la SG vs chimiothérapie seule (SG médiane 12,3 vs 10,3 mois, HR 0,70). En 2ème ligne selon sensibilité : Topotécan (standard), Irinotécan, Vindésine + Irinotécan ou CAV (Cyclophosphamide + Doxorubicine + Vincristine).",traitement,poumon_CPPC,localisé_et_étendu,1ère-2ème ligne,CPPC|Étoposide|Cisplatine|Carboplatine|Atézolizumab|IMpower133|IPC|Topotécan|CAV,Maladie limitée : Cisplatine + Étoposide + RT | Maladie étendue : Carboplatine + Étoposide + Atézolizumab,"Maladie limitée : Cisplatine 80-100 mg/m² J1 + Étoposide 80-120 mg/m² J1-J3 q21j × 4 cycles (Carboplatine AUC5 si CI Cisplatine) + RT thoracique 45 Gy/30 fractions (débutée cycle 3). Maladie étendue : Carboplatine AUC5 J1 + Étoposide 100 mg/m² J1-J3 q21j × 4-6 cycles + Atézolizumab 1200 mg J1 q21j puis maintenance Atézolizumab. 2ème ligne sensible (> 6 mois) : Topotécan 1,5 mg/m²/j J1-J5 q21j. 2ème ligne résistant (< 3 mois) : CAV ou schémas alternatifs.","Myélosuppression sévère (CPPC très sensible), immunotoxicité (Atézolizumab), pneumopathie post-RT","Rachid, 55 ans, fumeur, CPPC maladie étendue, métastases hépatiques et surrénaliennes, OMS 1. 1ère ligne : Carboplatine AUC5 + Étoposide 100 mg/m² J1-J3 + Atézolizumab × 4 cycles. Réponse partielle à 3 cycles → maintenance Atézolizumab. Rechute à 8 mois (> 6 mois) → 2ème ligne : Topotécan 1,5 mg/m²/j J1-J5 q21j.","Guide AMFROM 2024, Cancers Pulmonaires, Section IV.B, p.165-168"
OVAIRE-ADV-001,Cancer de l'ovaire stades avancés — Chimiothérapie et maintenance,"Le cancer épithélial de l'ovaire est diagnostiqué à stade avancé (III-IV) dans 70 % des cas. La prise en charge repose sur la chirurgie de cytoréduction maximale (objectif : résidu nul ou < 1 cm) et la chimiothérapie par Carboplatine + Paclitaxel × 6 cycles. En maintenance, selon le profil moléculaire : Si mutation BRCA1/2 ou HRD positive : Olaparib 300 mg × 2/j (SOLO1 — réduction rechute 70 %) ou Niraparib (PRIMA). Si HRD négative ou non testée : Bévacizumab en association à la CT puis en maintenance. L'association Olaparib + Bévacizumab est une option si BRCA muté ou HRD+ (PAOLA-1).",traitement,ovaire,avancé,1ère ligne,ovaire|Carboplatine|Paclitaxel|BRCA|HRD|Olaparib|SOLO1|Niraparib|PRIMA|Bévacizumab|PAOLA-1,Carboplatine + Paclitaxel × 6 cycles + maintenance Olaparib (BRCA/HRD+) ou Bévacizumab,"CT standard : Paclitaxel 175 mg/m² J1 + Carboplatine AUC5-6 J1 q21j × 6 cycles. ± Bévacizumab 15 mg/kg J1 q21j dès cycle 2 puis maintenance × 12-15 mois. Maintenance Olaparib (BRCA muté) : 300 mg × 2/j en continu × 24 mois. Niraparib maintenance : 200 mg/j si poids < 77 kg et plaquettes < 150 000, sinon 300 mg/j. Veliparib (essai VELIA) : en association à CT puis maintenance (non standard).","Olaparib : anémie, thrombopénie, fatigue, nausées, MDS/LAM rare. Bévacizumab : HTA, fistule, thrombose","Amina, 52 ans, adénocarcinome séreux haut grade stade IIIC, cytoréduction complète. Mutation BRCA2 germinale. CT : Paclitaxel + Carboplatine + Bévacizumab × 6 cycles. Réponse complète → Maintenance : Olaparib 300 mg × 2/j + Bévacizumab × 15 mois. NFS mensuelle, surveillance PA bimensuelle.","Guide AMFROM 2024, Cancers Gynécologiques, Section II.A, p.57-62"
OVAIRE-RECHUTE-001,Cancer de l'ovaire en rechute — Platino-sensible et platino-résistante,"La rechute platino-sensible survient au-delà de 6 mois après la dernière ligne de chimiothérapie à base de platine : réintroduction d'un doublet à base de platine recommandée. La rechute platino-résistante survient avant 6 mois : plusieurs molécules actives ont été testées (Doxorubicine liposomale, Topotécan, Étoposide oral, Gemcitabine, Docétaxel, Vinorelbine). Le Bévacizumab est approuvé depuis 2014 dans les cancers épithéliaux récidivants résistants aux platines (en association à la chimiothérapie). En rechute sensible, Olaparib en maintenance si bonne réponse (SOLO2 — AMM Maroc).",traitement,ovaire,rechute,2ème ligne,rechute ovaire|platino-sensible|platino-résistante|Doxorubicine liposomale|Bévacizumab|Olaparib|SOLO2|Topotécan,"Sensible : re-platine ± Bévacizumab | Résistant : Doxo liposomale, Topotécan ± Bévacizumab","Rechute sensible (> 6 mois) : Carboplatine AUC5 + Paclitaxel 175 mg/m² q21j OU Carboplatine + Gemcitabine 1000 mg/m² J1,J8 q21j ± Bévacizumab 15 mg/kg. Rechute résistante (< 6 mois) : Doxorubicine liposomale 50 mg/m² q28j OU Topotécan 1,25 mg/m²/j J1-J5 q21j OU Gemcitabine 1000 mg/m² J1,J8 q21j + Bévacizumab 15 mg/kg q21j. Maintenance post-sensible si BRCA muté : Olaparib 300 mg × 2/j.","Doxo liposomale : syndrome main-pied, stomatite. Topotécan : myélosuppression sévère","Fatima, 60 ans, rechute d'un cancer de l'ovaire séreux 10 mois après fin de CT. Rechute platino-sensible → Carboplatine + Gemcitabine + Bévacizumab. Réponse partielle. Maintenance : Olaparib 300 mg × 2/j (BRCA1 muté, réponse au platine ++).","Guide AMFROM 2024, Cancers Gynécologiques, Section II.A.3, p.60-62"
COL-LOCAL-001,Cancer du col utérin localement avancé — Radio-chimiothérapie concomitante,"La radio-chimiothérapie concomitante (RCC) est le standard thérapeutique des cancers du col utérin localement avancés (stades IB2-IVA). Ceci est confirmé par plus de 15 essais randomisés et la méta-analyse de Green (19 essais, 4580 patientes). La chimiothérapie concomitante radio-sensibilisante est le Cisplatine. La RCC est supérieure à la radiothérapie seule avec un bénéfice absolu en SG de 6 %. Le schéma standard comprend une radiothérapie externe (45-50 Gy) suivie d'une curiethérapie utéro-vaginale avec Cisplatine hebdomadaire en concomitant. Une chimiothérapie d'induction par Gemcitabine + Cisplatine peut être proposée dans les formes localement avancées de stades IB3-IIB.",traitement,col_uterin,localement_avancé,curatif,col utérin|RCC|radio-chimiothérapie|Cisplatine|radiothérapie|curiethérapie|Gemcitabine,RT 45-50 Gy + Cisplatine hebdomadaire + Curiethérapie,"Cisplatine radio-sensibilisant : 40 mg/m² IV hebdomadaire × 5-6 semaines en concomitant à la RT externe 45-50 Gy/25-28 fractions + curiethérapie de haut débit. Induction (stades avancés) : Gemcitabine 1000 mg/m² J1,J8 + Cisplatine 40 mg/m² J1 q21j × 2-3 cycles avant la RCC. Après RCC et si indisponibilité du Cisplatine : Carboplatine AUC2 hebdomadaire.","Cystite radique, rectite radique, diarrhée, neutropénie, néphrotoxicité (Cisplatine — hydratation obligatoire)","Zineb, 42 ans, carcinome épidermoïde du col utérin stade IIB, non résécable, CPS = 5. Plan curatif : Cisplatine 40 mg/m² hebdomadaire × 6 + RT externe 45 Gy + curiethérapie HDR. Hydratation : 2L NaCl 0,9 % avant et après chaque Cisplatine. Réévaluation IRM pelvienne à 3 mois : réponse complète.","Guide AMFROM 2024, Cancers Gynécologiques, Section II.B.1, p.66"
COL-META-001,Cancer du col utérin métastatique ou récidivant — 1ère ligne,"Le cancer du col utérin métastatique ou récidivant (non accessible à un traitement local de sauvetage) est traité par chimiothérapie systémique. L'association Carboplatine + Paclitaxel + Bévacizumab améliore la SG vs CT seule dans l'étude GOG-240 (SG médiane 17 vs 13 mois). L'ajout du Pembrolizumab à la CT + Bévacizumab en 1ère ligne si PD-L1 CPS ≥ 1 améliore la PFS et la SG (KEYNOTE-826). Le Tisotumab Vedotin (anticorps conjugué anti-facteur tissulaire) est une option en 2ème ligne ou plus (taux RO 24 %, FDA approuvé).",traitement,col_uterin,métastatique,1ère-2ème ligne,col utérin|Carboplatine|Paclitaxel|Bévacizumab|Pembrolizumab|CPS|KEYNOTE-826|Tisotumab,Carboplatine + Paclitaxel + Bévacizumab + Pembrolizumab (CPS ≥ 1),1ère ligne CPS ≥ 1 : Carboplatine AUC5 J1 + Paclitaxel 175 mg/m² J1 q21j + Bévacizumab 15 mg/kg J1 q21j + Pembrolizumab 200 mg J1 q21j × 6 cycles puis maintenance Pembrolizumab + Bévacizumab. 1ère ligne CPS < 1 : Carboplatine + Paclitaxel + Bévacizumab (sans Pembrolizumab). 2ème ligne : Tisotumab Vedotin 2 mg/kg IV q21j (si disponible).,"Bévacizumab : fistule vésico-vaginale (risque ++ en RT antérieure), HTA. Pembrolizumab : immunotoxicité","Kenza, 48 ans, carcinome squameux col utérin récidive pelvienne non résécable, CPS = 12. Antécédent de RCC (2 ans). Attention bévacizumab : risque fistule post-RT +++. Bilan : pas de fistule préexistante. 1ère ligne : Carboplatine + Paclitaxel + Bévacizumab + Pembrolizumab. Surveillance stricte de la fonction rénale et des signes de fistule.","Guide AMFROM 2024, Cancers Gynécologiques, Section II.B.2, p.67-69"
PROSTATE-META-001,Cancer de la prostate métastatique hormono-sensible (mHSPC),"La castration médicale ou chirurgicale est la base du traitement du cancer de la prostate métastatique hormono-sensible. Les agonistes LHRH (Leuproréline, Goséréline) nécessitent une couverture anti-androgène lors des 2 premières injections (flare). Les antagonistes LHRH (Dégarelix) n'induisent pas de flare et sont préférables si métastases rachidiennes. L'intensification thérapeutique est le standard : ADT + Abiratérone + Prednisone (LATITUDE, STAMPEDE) OU ADT + Enzalutamide (ARCHES, ENZAMET) OU ADT + Docétaxel (CHAARTED, STAMPEDE — forte charge métastatique). Le choix dépend de la charge métastatique, des comorbidités et des préférences du patient.",traitement,prostate,métastatique,1ère ligne mHSPC,prostate|mHSPC|castration|ADT|LHRH|Abiratérone|Enzalutamide|Docétaxel|LATITUDE|STAMPEDE|CHAARTED,ADT + Abiratérone + Prednisone | OU ADT + Enzalutamide | OU ADT + Docétaxel,"ADT : Leuproréline 7,5 mg IM mensuel OU 22,5 mg IM trimestriel OU 45 mg IM semestriel. Goséréline 3,6 mg SC mensuel OU 10,8 mg SC trimestriel. Dégarelix 240 mg SC initial puis 80 mg SC mensuel. + Abiratérone 1000 mg/j + Prednisone 10 mg/j en continu OU + Enzalutamide 160 mg/j en continu OU + Docétaxel 75 mg/m² q21j × 6 cycles (forte charge tumorale, PS 0-1).","ADT : bouffées de chaleur, ostéoporose, syndrome métabolique. Abiratérone : HTA, hypokaliémie (surveiller). Enzalutamide : fatigue, HTA, convulsions rares","Abdelkader, 70 ans, cancer de la prostate Gleason 9, métastases osseuses multiples + adénopathies, PSA initial 450 ng/ml. Pas de compression médullaire. Traitement : Dégarelix (antagoniste LHRH — évite le flare) + Abiratérone 1000 mg/j + Prednisone. À 6 mois : PSA = 1,8 ng/ml, réponse osseuse partielle en scintigraphie.","Guide AMFROM 2024, Cancers Urologiques, Section VII.D, p.239-241"
PROSTATE-CRPC-001,Cancer de la prostate résistant à la castration (mCRPC),La résistance à la castration est définie par une progression biochimique ou radiologique malgré un taux de testostérone castré (< 50 ng/dL). La castration doit être maintenue indéfiniment. En 1ère ligne de mCRPC (sans chimiothérapie préalable) : Abiratérone ou Enzalutamide. Après progression sous nouvelles hormonothérapies : Docétaxel 75 mg/m² q21j × 10 cycles. Après Docétaxel : Cabazitaxel 25 mg/m² q21j (TROPIC — SG supérieure à Mitoxantrone). En cas de mutation BRCA1/2 ou HRR : Olaparib (PROfound) ou Rucaparib. Le Radium 223 (Xofigo) est indiqué dans les mCRPC avec métastases osseuses exclusives symptomatiques (sans métastases viscérales).,traitement,prostate,métastatique_résistant,mCRPC,mCRPC|Abiratérone|Enzalutamide|Docétaxel|Cabazitaxel|TROPIC|Olaparib|PROfound|Radium223|BRCA,1L mCRPC : Abiratérone OU Enzalutamide | 2L : Docétaxel | 3L : Cabazitaxel OU Olaparib (BRCA),"Abiratérone 1000 mg/j + Prednisone 10 mg/j (mCRPC 1ère ligne). Enzalutamide 160 mg/j en continu. Docétaxel 75 mg/m² q21j × 10 cycles (+ Prednisone 5 mg × 2/j). Cabazitaxel 25 mg/m² q21j (+ Prednisone 5 mg × 2/j, G-CSF prophylaxie). Olaparib (BRCA muté) : 300 mg × 2/j en continu. Radium 223 : 55 kBq/kg IV q28j × 6 injections (métastases osseuses symptomatiques).","Cabazitaxel : neutropénie sévère (G-CSF obligatoire), diarrhée. Radium 223 : myélosuppression","Mourad, 74 ans, mCRPC post-Docétaxel, métastases osseuses multiples + PSA 350. Profil moléculaire : mutation BRCA2 somatique. 2ème ligne : Olaparib 300 mg × 2/j. Réponse partielle PSA à 3 mois (-60 %).","Guide AMFROM 2024, Cancers Urologiques, Section VII.D, p.240-244"
REIN-META-001,Cancer du rein à cellules claires métastatique — Traitement systémique,"Le cancer du rein à cellules claires métastatique est stratifié selon le score pronostique IMDC (0 facteur = favorable ; 1-2 = intermédiaire ; 3-6 = défavorable). Risque favorable : Pembrolizumab + Axitinib (KEYNOTE-426) OU Pembrolizumab + Lénvatinib (CLEAR) OU Nivolumab + Cabozantinib (CheckMate 9ER) OU Sunitinib (option historique). Risque intermédiaire/défavorable : mêmes associations bi-thérapie privilégiées. Nivolumab + Ipilimumab (CheckMate 214) est une option pour les risques intermédiaires/défavorables. En 2ème ligne : Nivolumab, Cabozantinib, Axitinib, Évérolimus selon le traitement antérieur.",traitement,rein,métastatique,1ère-2ème ligne,rein|cellules claires|IMDC|Pembrolizumab|Axitinib|Nivolumab|Ipilimumab|Sunitinib|Lénvatinib|Cabozantinib,1L : Pembrolizumab + Axitinib | OU Nivolumab + Ipilimumab | 2L : Nivolumab OU Cabozantinib,Pembrolizumab 200 mg q21j + Axitinib 5 mg × 2/j (ajusté à 7-10 mg si toléré). Pembrolizumab 200 mg q21j + Lénvatinib 20 mg/j. Nivolumab 3 mg/kg + Ipilimumab 1 mg/kg q21j × 4 cycles puis Nivolumab 240 mg q14j. Sunitinib : 50 mg/j J1-J28 q42j (4 semaines on / 2 semaines off). 2ème ligne : Nivolumab 240 mg q14j OU Cabozantinib 60 mg/j OU Évérolimus 10 mg/j.,"Anti-VEGFR (Sunitinib/Axitinib) : HTA, fatigue, stomatite, hypothyroïdie. Double immunothérapie : colite, hépatite, endocrinopathie","Karim, 56 ans, carcinome rénal cellules claires, métastases pulmonaires et hépatiques, IMDC intermédiaire (1 facteur : Hb < LNI). 1ère ligne : Nivolumab + Ipilimumab × 4 cycles puis Nivolumab maintenance. Réponse partielle à 4 mois. Suivi bilan thyroïdien, transaminases mensuel.","Guide AMFROM 2024, Cancers Urologiques, Section VII.B, p.227"
VESSIE-META-001,Cancer de la vessie métastatique — Chimiothérapie et immunothérapie,"Le traitement du cancer de la vessie métastatique ou localement avancé non résécable dépend de l'éligibilité au Cisplatine. Si éligible au Cisplatine (GFR ≥ 60 ml/min, PS 0-1, pas d'IC ni neuropathie) : MVAC ou Gemcitabine + Cisplatine (GC) en 1ère ligne. Si non éligible au Cisplatine : Gemcitabine + Carboplatine ou Pembrolizumab (si PD-L1+). En maintenance après réponse partielle ou stabilisation sous CT à base de platine : Avelumab (anti-PD-L1) améliore la SG vs Best Supportive Care (JAVELIN Bladder 100). En 2ème ligne : Pembrolizumab (KEYNOTE-045) et Nivolumab sont les standards après progression sous CT platine.",traitement,vessie,métastatique,1ère-2ème ligne,vessie|urothélial|GC|MVAC|Gemcitabine|Cisplatine|Pembrolizumab|Avelumab|PD-L1|JAVELIN,1L éligible Cisplatine : GC | Non éligible : GC-Carbo ou Pembrolizumab | Maintenance : Avelumab,"GC (éligible Cisplatine) : Gemcitabine 1000 mg/m² J1,J8 + Cisplatine 70 mg/m² J1 q21j × 4-6 cycles. MVAC : Méthotrexate 30 mg/m² J1 + Vinblastine 3 mg/m² J2 + Doxorubicine 30 mg/m² J2 + Cisplatine 70 mg/m² J2 q28j (moins utilisé — plus toxique). GC-Carbo (non éligible) : Gemcitabine 1000 mg/m² J1,J8 + Carboplatine AUC4,5 J1 q21j. Maintenance Avelumab : 800 mg IV q14j (si non-progression sous CT). 2ème ligne : Pembrolizumab 200 mg q21j.",Néphrotoxicité Cisplatine (hydratation obligatoire). Avelumab : immunotoxicité,"Ali, 68 ans, carcinome urothélial de la vessie localement avancé (T4bN2M1), GFR 65 ml/min. Eligible au Cisplatine → GC × 6 cycles. Réponse partielle. Maintenance : Avelumab 800 mg q14j. Surveillance PD, bilan immunologique q3 mois.","Guide AMFROM 2024, Cancers Urologiques, Section VII.C, p.231-236"
MELANOME-META-001,Mélanome métastatique — Traitement selon statut BRAF,"Le mélanome métastatique est traité selon le statut mutationnel BRAF V600. La mutation BRAF V600 est présente dans ~50 % des mélanomes. Si BRAF V600 muté : thérapie ciblée combinée inhibiteur BRAF + inhibiteur MEK. Dabrafénib + Tramétinib (COMBI-d/v) et Vémurafénib + Cobimétinib (coBRIM) sont les associations standard. Taux de réponse ~70 %, mais résistance fréquente. Si BRAF sauvage OU BRAF muté avec préférence immunothérapie : double immunothérapie Nivolumab + Ipilimumab (CheckMate 067) OU Pembrolizumab monothérapie (KEYNOTE-006). Concernant les métastases cérébrales : Nivolumab + Ipilimumab (taux RO intracrânien 51-54 %) et Dabrafénib + Tramétinib (RO intracrânien ~58 %) ont une activité cérébrale démontrée.",traitement,melanome,métastatique,1ère ligne,mélanome|BRAF|Dabrafénib|Tramétinib|Vémurafénib|Cobimétinib|Nivolumab|Ipilimumab|Pembrolizumab|CheckMate067,BRAF muté : Dabrafénib + Tramétinib | BRAF sauvage : Nivolumab + Ipilimumab ou Pembrolizumab,Dabrafénib 150 mg × 2/j per os + Tramétinib 2 mg/j per os en continu (BRAF V600 muté). Vémurafénib 960 mg × 2/j + Cobimétinib 60 mg/j J1-J21 q28j (BRAF V600 muté). Nivolumab 1 mg/kg + Ipilimumab 3 mg/kg q21j × 4 cycles puis Nivolumab 240 mg q14j OU 480 mg q28j (BRAF sauvage ou muté). Pembrolizumab 200 mg q21j OU 400 mg q6 semaines (BRAF sauvage ou muté).,"BRAF+MEK inhibiteurs : fièvre (Dabrafénib ++ réversible), rash, arthralgies. Double immuno : colite, hépatite sévère ++","Imad, 42 ans, mélanome choroïdien stade IV, métastases pulmonaires + 2 lésions cérébrales < 1 cm, BRAF V600E muté. Traitement 1ère ligne : Dabrafénib 150 mg × 2/j + Tramétinib 2 mg/j. Réponse cérébrale partielle à 2 mois. Fièvre grade 2 à cycle 3 → pause 5 jours puis reprise. IRM cérébrale tous les 2 mois.","Guide AMFROM 2024, Cancers Cutanés, Section VIII.A, p.250-252"
GLIOBLASTOME-001,Glioblastome (Grade IV) — Traitement standard Stupp,"Le glioblastome est la tumeur cérébrale maligne la plus fréquente chez l'adulte, survenant autour de la 60ème année. Le traitement standard (protocole Stupp) associe une chirurgie la plus complète possible, suivie d'une radiochimiothérapie concomitante (RT 60 Gy/30 fractions + Temozolomide 75 mg/m²/j × 6 semaines) puis 6 cycles de Temozolomide adjuvant (150-200 mg/m²/j J1-J5 q28j). Le statut de méthylation du promoteur MGMT est un facteur prédictif de réponse au Temozolomide (MGMT méthylé = meilleure réponse). Pour les gliomes oligodendrogliaux de grade III avec co-délétion 1p-19q : le protocole PCV est administré après RT (Lomustine + Vincristine + Procarbazine × 6 cycles).",traitement,tumeur_cerebrale,localisé,curatif,glioblastome|Temozolomide|Stupp|RT|MGMT|PCV|oligodendrogliome|1p-19q|Lomustine,Stupp : RT 60 Gy + Temozolomide 75 mg/m²/j puis Temozolomide J1-J5 × 6 cycles q28j,"Phase concomitante : RT 60 Gy/30 fractions (6 semaines) + Temozolomide 75 mg/m²/j per os quotidien pendant toute la RT (y compris week-ends). Phase adjuvante : Temozolomide 150 mg/m²/j J1-J5 cycle 1, puis 200 mg/m²/j J1-J5 si toléré q28j × 6 cycles. PCV (oligodendrogliome avec co-délétion 1p-19q après RT) : Lomustine 110 mg/m² J1 PO + Vincristine 1,4 mg/m² (max 2 mg) J8,J29 IV + Procarbazine 60 mg/m²/j J8-J21 PO q42j × 6 cycles.","Temozolomide : myélosuppression (NFS hebdomadaire phase concomitante), nausées, pneumocystose (prophylaxie Cotrimoxazole obligatoire)","Kamal, 58 ans, glioblastome IDH sauvage fronto-temporal gauche, MGMT méthylé, résection incomplète. Phase concomitante : RT 60 Gy + Temozolomide 75 mg/m²/j × 6 semaines + Cotrimoxazole prophylactique 3 j/semaine. Phase adjuvante : Temozolomide 200 mg/m²/j J1-J5 q28j × 6 cycles. IRM cérébrale de surveillance avant phase adjuvante puis tous les 2 cycles.","Guide AMFROM 2024, Tumeurs Cérébrales, p.259-261"
ORL-LOCAL-001,Carcinomes épidermoïdes ORL localement avancés — Radio-chimiothérapie,"L'association radio-chimiothérapie concomitante (RCC) est le standard thérapeutique des carcinomes épidermoïdes ORL localement avancés (stades III-IV). La méta-analyse de l'IGR (10 741 patients) confirme un bénéfice de 8 % en SG à 5 ans vs RT seule. Le Cisplatine à haute dose (100 mg/m² q21j × 3) est le radio-sensibilisateur de référence. En 1ère ligne métastatique ou récidive inopérable, le protocole EXTREME (Cetuximab + Cisplatine/Carboplatine + 5-FU) est le standard. L'immunothérapie a transformé la prise en charge : Pembrolizumab en monothérapie ou + CT (KEYNOTE-048) est le nouveau standard en 1ère ligne métastatique selon CPS/TPS.",traitement,ORL_carcinome_epidermoide,localisé_et_métastatique,curatif et 1ère ligne,ORL|carcinome épidermoïde|Cisplatine|RCC|EXTREME|Cetuximab|Pembrolizumab|KEYNOTE-048|cavum|CPS,RCC curatif : Cisplatine 100 mg/m² q21j × 3 + RT | EXTREME : Cetuximab + Cisplatine + 5-FU | Pembrolizumab (meta),"RCC curatif : Cisplatine 100 mg/m² IV J1 q21j × 3 concomitant à RT 66-70 Gy. OU Carboplatine AUC1,5 IV hebdomadaire + RT (si CI Cisplatine). EXTREME (1ère ligne métastatique) : Cetuximab 400 mg/m² C1 puis 250 mg/m² hebdo + Cisplatine 100 mg/m² OU Carboplatine AUC5 J1 + 5-FU 1000 mg/m²/j J1-J4 q21j × 6 cycles puis maintenance Cetuximab. Pembrolizumab (KEYNOTE-048) : 200 mg q21j ± 5-FU + Platine (selon CPS). Résistant aux platines : Pembrolizumab mono (TPS ≥ 50%) OU Cetuximab + CT.","Cetuximab : rash acnéiforme (corrélé à la réponse), hypomagnésémie. Cisplatine haute dose : ototoxicité, néphrotoxicité","Rachid, 55 ans, carcinome épidermoïde de l'oropharynx cT3N2M0, HPV+, CPS = 20. Traitement curatif : RCC Cisplatine 100 mg/m² q21j × 3 + RT 70 Gy/35 fractions. Réponse complète à 3 mois. Surveillance ORL semestrielle + scanner cervico-thoracique annuel.","Guide AMFROM 2024, Cancers ORL, Section V.B, p.181-184"
SARCOME-001,Sarcomes des tissus mous — Chimiothérapie néo-adjuvante et métastatique,"Les sarcomes des tissus mous (STM) sont des tumeurs rares nécessitant une prise en charge dans des centres experts. Il n'existe pas de protocole néoadjuvant standard unique : les polychimiothérapies à base d'anthracyclines + Ifosfamide sont privilégiées quand une réponse tumorale est nécessaire (tumeurs localement avancées). En situation métastatique, plusieurs options sont disponibles selon l'histologie : Gemcitabine + Docétaxel (léiomyosarcomes surtout), Dacarbazine, Pazopanib, Éribulne (liposarcomes), Trabectedine (liposarcomes et léiomyosarcomes). L'Imatinib est indiqué pour les GIST (tumeurs stromales) et non pour les STM classiques.",traitement,sarcome_tissus_mous,localisé_et_métastatique,néoadjuvant et métastatique,sarcome|STM|Doxorubicine|Ifosfamide|Gemcitabine|Docétaxel|Pazopanib|Éribuline|Trabectedine|GIST,AI : Doxorubicine + Ifosfamide | Méta : Gemcitabine + Docétaxel | Pazopanib | Éribuline (liposarcome),"AI (néoadjuvant/1ère ligne méta) : Ifosfamide 3000 mg/m²/j J1-J3 + MESNA 3000 mg/m² J1-J3 + Doxorubicine 60 mg/m² J1 q21j + G-CSF. Alternative AI : Doxorubicine 75 mg/m² J1 + Ifosfamide 5 g/m² J1 en 24h + MESNA + G-CSF q21j. Gemcitabine + Docétaxel : Gemcitabine 675 mg/m² J1,J8 + Docétaxel 75 mg/m² J8 q21j. Pazopanib : 800 mg/j en continu (non léiomyosarcome). Éribuline : 1,23 mg/m² J1,J8 q21j (liposarcomes). Trabectedine : 1,5 mg/m² IV sur 24h q21j (liposarcome et léiomyosarcome).","Ifosfamide : encéphalopathie, cystite hémorragique (MESNA obligatoire). Doxorubicine : cardiotoxicité (dose cumulée max ~450-550 mg/m²)","Hicham, 45 ans, léiomyosarcome de la cuisse droite T3bN0M0 localement avancé (> 10 cm). Néoadjuvant : AI × 3 cycles + G-CSF prophylaxie primaire. Réponse partielle (réduction 40 %) → résection chirurgicale R0. Adjuvant : AI × 3 cycles supplémentaires.","Guide AMFROM 2024, Sarcomes, Section VI.A, p.193-198"
DIAG-SEIN-001,Bilan diagnostique initial du cancer du sein,"Le bilan initial d'un cancer du sein nouvellement diagnostiqué comprend : Imagerie : mammographie bilatérale (standard) + échographie mammaire ± IRM mammaire (seins denses, risque héréditaire, discordance clinico-radiologique, carcinome lobulaire). Anatomopathologie : biopsie écho-guidée ou stéréotaxique avec analyse complète : histologie, grade SBR (Scarff-Bloom-Richardson), récepteurs estrogéniques (RE), progestéroniques (RP), HER2, Ki67 (prolifération). Bilan d'extension : TDM thoraco-abdomino-pelvien + scintigraphie osseuse si stade II ou III ou symptômes. TEP-TDM en alternative. Bilan pré-thérapeutique : NFS, bilan hépatique, rénal, FEVG (si Trastuzumab prévu). Consultation d'oncogénétique si suspicion syndrome héréditaire (< 40 ans, TNBC, antécédents familiaux). Présentation obligatoire en RCP.",diagnostic,sein,général,diagnostic,bilan diagnostique|mammographie|IRM|biopsie|HER2|RE|RP|Ki67|SBR|RCP|TDM|FEVG|oncogénétique,Bilan initial cancer du sein,,,"Salma, 48 ans, nodule sein droit découvert au dépistage, ACR4-C à la mammographie. Biopsie : adénocarcinome grade SBR II, RE+ 90%, RP+ 60%, HER2 2+. FISH HER2 : amplifié. TDM corps entier et scintigraphie osseuse : négatifs. FEVG : 65 %. Présentation RCP : cancer du sein HER2+ cT2N1, décision de traitement néoadjuvant.","Guide AMFROM 2024, Cancers du Sein, Introduction, p.10-11"
DIAG-POUMON-001,Bilan moléculaire obligatoire du CPNPC avant traitement,"Avant tout traitement d'un CPNPC, un bilan moléculaire complet est obligatoire (carcinome non épidermoïde, ou épidermoïde chez un non-fumeur ou jeune). Les biomarqueurs à rechercher systématiquement : Mutations EGFR (exons 18-21 : délétion exon 19, L858R, T790M, exon 20 insertion), Réarrangements ALK et ROS1, Expression PD-L1 (TPS et CPS), Mutation BRAF V600E, Amplification/mutation MET exon 14, Réarrangements RET et NTRK1/2/3. Technique : NGS (Next Generation Sequencing) sur tissu tumoral — biopsie bronchique, trans-thoracique ou chirurgicale. La biopsie liquide (ADN tumoral circulant) est une alternative si tissu insuffisant ou pour la surveillance de résistance (EGFR T790M).",diagnostic,poumon,général,diagnostic,NGS|EGFR|ALK|ROS1|PD-L1|BRAF|MET|RET|NTRK|biopsie liquide|ADN circulant|moléculaire|CPNPC,Bilan moléculaire complet CPNPC,,,"Youssef, 45 ans, non-fumeur, adénocarcinome pulmonaire stade IV. NGS sur biopsie bronchique : mutation EGFR exon 21 L858R, PD-L1 TPS 20%, pas d'ALK/ROS1. Traitement : Osimertinib 80 mg/j en 1ère ligne. Biopsie liquide programmée à 6 mois pour surveillance de résistance (T790M).","Guide AMFROM 2024, Cancers Pulmonaires, Section IV.A.2, p.153-154"
SUPPORT-EMESE-001,Prévention des nausées et vomissements induits par la chimiothérapie (NVIC),"Les NVIC sont classées selon le potentiel émétisant du protocole de chimiothérapie. Protocoles hautement émétisants (HEC, risque > 90 %) : Cisplatine, Cyclophosphamide haute dose, ABVD, DTIC → trithérapie antiémétique : Antagoniste NK1 (Aprépitant) + Sétron (Ondansétron/Granisetron) + Corticoïde (Dexaméthasone) ± Olanzapine en cas de nausées importantes. Protocoles modérément émétisants (MEC, risque 30-90 %) : Bithérapie Sétron + Dexaméthasone ± Aprépitant. La prévention est prioritaire car le traitement curatif des vomissements établis est beaucoup moins efficace. Vomissements anticipatoires (conditionnement Pavlovien) : Benzodiazépines (Lorazépam) + techniques comportementales.",effets_secondaires,général,général,soins_support,NVIC|nausées|vomissements|Aprépitant|NK1|Ondansétron|Granisetron|Dexaméthasone|Olanzapine|HEC|MEC|antiémétiques,HEC : Aprépitant + Ondansétron + Dexaméthasone ± Olanzapine | MEC : Sétron + Dexaméthasone,"HEC J1 : Aprépitant 125 mg PO J1 + Ondansétron 8 mg × 2 IV/PO + Dexaméthasone 12 mg IV. HEC J2-J3 : Aprépitant 80 mg PO + Dexaméthasone 8 mg PO ± Métoclopramide. MEC J1 : Ondansétron 8 mg × 2 PO/IV + Dexaméthasone 8 mg IV ± Aprépitant 125 mg PO. Option MEC J1 : Granisetron 1 mg × 2 IV OU 3 mg IV dose unique. Anticipatoires : Lorazépam 0,5-1 mg la veille de la chimiothérapie.","Dexaméthasone : insomnie, hyperglycémie. Olanzapine : somnolence, prise de poids","Driss, sous FOLFIRINOX pour cancer du pancréas (MEC). Prévention : Granisetron 1 mg IV + Dexaméthasone 8 mg IV avant CT. Nausées retardées J2-J3 → Métoclopramide 10 mg × 3/j + Dexaméthasone 8 mg PO. Cycle 2 : ajout Aprépitant 125 mg J1 puis 80 mg J2-J3 → meilleur contrôle.","Guide AMFROM 2024, Soins de Support, Section X.E, p.276-278"
SUPPORT-NEUTRO-001,Neutropénie fébrile et facteurs de croissance granulocytaires (G-CSF),"La neutropénie fébrile (NF) est une urgence diagnostique et thérapeutique. Elle est définie par une température ≥ 38,3 °C ou deux mesures ≥ 38 °C avec une neutropénie < 500/mm³ ou attendue < 500/mm³. Les G-CSF réduisent l'incidence, la durée et la sévérité de la neutropénie. La prophylaxie primaire (dès le 1er cycle) est indiquée si le risque de NF > 20 %. La prophylaxie secondaire (à partir du 2ème cycle après un épisode de NF) permet de maintenir les doses sans réduction. G-CSF disponibles au Maroc : Filgrastim (court-acting), Lénograstim, Pegfilgrastim (long-acting — 1 dose unique par cycle). En cas de NF établie : Filgrastim ou Lénograstim en curatif si NF prolongée > 10j, sepsis sévère, infection fongique invasive, ou neutropénie < 100/mm³.",soins_support,général,général,soins_support,neutropénie fébrile|G-CSF|Filgrastim|Lénograstim|Pegfilgrastim|prophylaxie|urgence|infection,G-CSF prophylactique : Filgrastim 5 µg/kg/j J2 ou Pegfilgrastim 6 mg J2 unique,"Filgrastim : 5 µg/kg/j (0,5 MUI/kg/j) SC, J2 après chimiothérapie × 7-10 jours. Lénograstim : 150 µg/m²/j (pratique : 34 µg adulte) SC × 7-10 jours. Pegfilgrastim : 6 mg SC dose unique J2 de chaque cycle (24-36h après fin CT). Curatif NF sévère : Filgrastim 5 µg/kg/j jusqu'à PNN > 1000/mm³ × 2 jours consécutifs.","Douleurs osseuses (fréquentes, traitement Paracétamol), splénomégalie, rupture splénique rare (très rare)","Rachida, sous R-CHOP pour lymphome DLBCL (risque NF 20-30 %). Prophylaxie primaire : Pegfilgrastim 6 mg SC J2 de chaque cycle. Cycle 3 : fièvre 39 °C + PNN 200/mm³ (NF malgré prophylaxie). Hospitalisation, hémocultures, antibiotiques large spectre IV + Filgrastim curatif 5 µg/kg/j jusqu'à normalisation.","Guide AMFROM 2024, Soins de Support, Section X.B, p.269-271"
SUPPORT-THROMBO-001,Thrombose veineuse profonde et embolie pulmonaire au cours du cancer,"La maladie thrombo-embolique veineuse (MTEV) est observée chez 10 à 15 % des patients atteints de cancer. La survenue d'une thrombose idiopathique doit faire rechercher un cancer occulte. Facteurs de risque spécifiques au cancer : pancréas, cerveau, rein, estomac, poumon (localisations à haut risque). Autres facteurs : chimiothérapie, antiangiogéniques, Tamoxifène, hospitalisation, cathéter veineux central. Traitement curatif : HBPM à doses curatives × 6 mois minimum OU anticoagulants oraux directs (AOD : Apixaban ou Rivaroxaban) tant que cancer actif. Adaptation si thrombopénie : réduire dose si plaquettes < 50 000/mm³, interrompre si < 30 000/mm³ et discuter filtre cave temporaire.",soins_support,général,général,soins_support,TVP|embolie pulmonaire|MTEV|HBPM|Énoxaparine|Tinzaparine|Daltéparine|AOD|Rivaroxaban|Apixaban|thrombose,Curatif : HBPM doses curatives × 6 mois | Alternative : AOD (Rivaroxaban ou Apixaban),"Phase initiale (J1-J10) HBPM curatif : Tinzaparine 175 UI/kg/j SC OU Énoxaparine 150 UI/kg/j SC OU Daltéparine 200 UI/kg/j J1-J30 puis 150 UI/kg/j. Au-delà de J10 : HBPM curatif × 6 mois minimum (optimal), ou relais AVK (INR cible 2-3) si refus HBPM. AOD : Rivaroxaban 15 mg × 2/j × 21j puis 20 mg/j OU Apixaban 10 mg × 2/j × 7j puis 5 mg × 2/j. Prophylaxie secondaire > 6 mois si cancer actif : HBPM demi-dose ou AOD dose standard. Insuffisance rénale sévère (DFG < 30 ml/min) : HNF 500 UI/kg/j IV continue.","Hémorragie, thrombopénie induite par l'héparine (TIH — surveillance plaquettes J5-J8)","Amina, sous chimiothérapie pour cancer du poumon, douleur mollet droit + écho-Doppler : TVP fémorale proximale. Score Khorana initial = 3 (cancer poumon, NFS pathologique). Traitement : Rivaroxaban 15 mg × 2/j × 21j puis 20 mg/j tant que cancer actif. Bilan renal : DFG 75 ml/min (AOD autorisé). Surveillance plaquettes toutes les 2 semaines.","Guide AMFROM 2024, Soins de Support, Section X.A, p.265-267"
SUPPORT-METAOS-001,Traitement des métastases osseuses — Biphosphonates et Denosumab,"Les métastases osseuses sont fréquentes dans les cancers du sein, de la prostate, du poumon et du rein. Elles sont responsables d'événements osseux : fractures pathologiques, compressions médullaires, hypercalcémie maligne. Les bisphosphonates (Acide zolédronique, Pamidronate) réduisent les événements osseux et l'hypercalcémie. L'Acide zolédronique est le standard (supérieur au Pamidronate). Le Denosumab (anti-RANK-L) est supérieur à l'Acide zolédronique en termes de délai d'apparition du premier événement osseux dans les cancers solides. La surveillance de la calcémie, phosphatémie et créatinine est obligatoire. L'ostéonécrose de la mâchoire (ONM) est une complication rare mais sévère : bilan dentaire obligatoire avant traitement, éviter les soins dentaires invasifs.",soins_support,général,métastatique,soins_support,métastases osseuses|bisphosphonates|Acide zolédronique|Denosumab|RANK-L|ostéonécrose mâchoire|fracture|hypercalcémie,Acide zolédronique 4 mg IV q4 semaines | Alternative : Denosumab 120 mg SC q4 semaines,"Acide zolédronique : 4 mg IV sur 15 min q4 semaines (adaptation si insuffisance rénale). CI si DFG < 30 ml/min. Denosumab : 120 mg SC q4 semaines (pas d'adaptation rénale, risque hypocalcémie ++). Supplémentation systématique : Calcium 500 mg/j + Vitamine D 400-500 UI/j. Hypercalcémie maligne (urgence) : hydratation IV abondante + Acide zolédronique 4 mg IV.",ONM (ostéonécrose mâchoire) — bilan dentaire pré-traitement obligatoire. Denosumab : hypocalcémie ++ (supplémentation Ca/D3 obligatoire),"Karima, cancer du sein métastatique osseux multiple (côtes, vertèbres, bassin). Bilan dentaire : soins conservateurs réalisés. Implants dentaires contre-indiqués. Traitement : Acide zolédronique 4 mg IV q4 semaines. Calcium 500 mg/j + vit D 400 UI/j. Créatinine contrôlée avant chaque injection. À 6 mois : fracture vertébrale T8 → consultation neurochirurgicale.","Guide AMFROM 2024, Soins de Support, Section X.D, p.273-275"
SUPPORT-NEUROPATHIE-001,Neuropathie périphérique induite par chimiothérapie (NPIC),"La neuropathie périphérique est un effet secondaire fréquent et dose-limitant des sels de platine (Oxaliplatine ++, Cisplatine) et des taxanes (Paclitaxel, Docétaxel). L'Oxaliplatine induit deux types de neurotoxicité : • Aiguë (réversible) : dysesthésies déclenchées par le froid, crampes, laryngospasme. • Chronique (cumulative, dose-dépendante) : paresthésies distales, ataxie. La graduation se fait selon les critères NCI-CTCAE : Grade 1 (paresthésies asymptomatiques) → surveillance. Grade 2 (symptômes limitant les activités quotidiennes) → réduction de dose 25 %. Grade 3-4 → arrêt de la molécule responsable. La Duloxétine 60 mg/j est le seul traitement symptomatique validé en oncologie.",effets_secondaires,général,général,soins_support,neuropathie|NPIC|Oxaliplatine|Paclitaxel|Cisplatine|paresthésies|Duloxétine|CTCAE|dose-dense,Grade 2 : réduction Oxaliplatine 25% | Grade 3-4 : arrêt | Symptomatique : Duloxétine 60 mg/j,"Duloxétine : 30 mg/j × 1 semaine puis 60 mg/j en continu (douleurs neuropathiques). Réduction dose Oxaliplatine : 85 → 65 mg/m² (grade 2) puis arrêt si grade 3. Réduction dose Paclitaxel : 175 → 135 mg/m² (grade 2) puis arrêt si grade 3. Calcium + Magnésium IV (prévention neurotoxicité aiguë Oxaliplatine) : discuté, non standard.","Duloxétine : nausées (prendre pendant le repas), insomnie","Ahmed, sous mFOLFOX6 pour CCRm. Après cycle 8 (Oxaliplatine cumulé 680 mg/m²) : paresthésies mains + pieds, ataxie légère → grade 2. Décision : réduction Oxaliplatine à 65 mg/m² + introduction Duloxétine 60 mg/j. Cycle 10 : neuropathie stabilisée grade 1 → poursuite mFOLFOX6 dose réduite.","Guide AMFROM 2024, Soins de Support, Section X.I, p.291-293"
SUIVI-SEIN-001,Suivi post-traitement du cancer du sein localisé,"Le suivi après traitement curatif d'un cancer du sein localisé vise à détecter précocement une rechute ou un second cancer. Modalités : examen clinique tous les 3-6 mois les 5 premières années puis annuellement. Mammographie annuelle de la glande résiduelle ou bilatérale. Pas d'indication de TDM, scintigraphie osseuse ou marqueurs tumoraux en routine en l'absence de symptômes (faux positifs fréquents, sans bénéfice démontré). Sous hormonothérapie adjuvante : surveillance du risque d'ostéoporose (densitométrie osseuse DEXA avant traitement puis tous les 2 ans), supplémentation Calcium 500 mg/j + Vitamine D 400 UI/j systématique. Surveillance cardiaque (FEVG) si Trastuzumab : q3 mois pendant le traitement puis à 6 mois et 12 mois après l'arrêt.",suivi,sein,post_traitement,suivi,suivi|mammographie|DEXA|hormonothérapie|FEVG|Trastuzumab|post-traitement|ostéoporose|surveillance,Suivi clinique q3-6 mois + mammographie annuelle + DEXA q2 ans (si hormonothérapie),Calcium 500 mg/j + Vitamine D 400 UI/j (prévention ostéoporose sous anti-aromatases),,"Leila, 52 ans, cancer du sein pT1cN0M0 RH+/HER2-, chirurgie conservatrice + RT + Anastrozole 5 ans. Suivi : consultation q6 mois + mammographie annuelle. DEXA avant Anastrozole : ostéopénie. Supplémentation Ca + vit D. DEXA à 2 ans : densité stable. Poursuite Anastrozole sans changement.","Guide AMFROM 2024, Cancers du Sein, Suivi, p.29-30"
SUIVI-CCR-001,Suivi post-traitement du cancer colorectal localisé,"Après résection curative d'un cancer colorectal, le suivi a pour objectif la détection précoce d'une récidive locale, hépatique ou pulmonaire, potentiellement curable par chirurgie. Modalités : examen clinique + ACE (antigène carcino-embryonnaire) tous les 3 mois les 3 premières années, puis tous les 6 mois × 2 ans. TDM thoraco-abdomino-pelvien tous les 6 mois les 3 premières années puis annuellement jusqu'à 5 ans. Coloscopie à 1 an post-opératoire (ou 3 ans si coloscopie préopératoire complète), puis tous les 5 ans si normale. Pas d'imagerie de surveillance au-delà de 5 ans en l'absence de symptômes.",suivi,colorectal,post_traitement,suivi,suivi|ACE|TDM|coloscopie|récidive|post-traitement|colorectal|surveillance,ACE + TDM q6 mois × 3 ans puis annuel | Coloscopie à 1 an puis q5 ans,,,"Hassan, cancer du côlon pT3N1M0 opéré + FOLFOX adjuvant 6 mois. Suivi : ACE J0 = 2 ng/ml. À 12 mois : ACE 8 ng/ml ↑ → TDM urgence. TDM : 2 métastases hépatiques. Coloscopie : normale. RCP : décision de résection hépatique après FOLFOX + Bevacizumab × 6 cycles (conversion).","Guide AMFROM 2024, Cancers Digestifs, Suivi, p.82"
SEIN-HER2-SCHEMA-001,Cancer du sein HER2+ — Schéma TCH sans anthracyclines,"Le schéma TCH (Docétaxel + Carboplatine + Trastuzumab) est une alternative aux schémas avec anthracyclines pour les patientes HER2+, notamment chez celles présentant un risque cardiaque élevé ou une contre-indication aux anthracyclines. L'étude BCIRG-006 a montré une efficacité comparable aux schémas avec anthracyclines avec une cardiotoxicité significativement réduite. La toxicité principale est hématologique (neutropénie), justifiant l'utilisation prophylactique de G-CSF. Ce schéma peut être utilisé en adjuvant ou en néoadjuvant selon la décision de la RCP.",traitement,sein_HER2_positif,localisé,adjuvant,TCH|Docétaxel|Carboplatine|Trastuzumab|sans anthracyclines|BCIRG-006|cardioprotection,TCH : Docétaxel + Carboplatine AUC6 + Trastuzumab × 6 cycles,"Docétaxel 75 mg/m² J1 + Carboplatine AUC6 J1 + Trastuzumab 8 mg/kg C1 puis 6 mg/kg q21j × 6 cycles, puis Trastuzumab 6 mg/kg q21j pour compléter 18 cycles. G-CSF prophylaxie primaire obligatoire (risque NF > 20 %). Option : TCH + Pertuzumab (TCHP) chez les patientes à haut risque.","Neutropénie fébrile (G-CSF requis), neuropathie périphérique, alopécie, onychodystrophie, aménorrhée","Siham, 48 ans, HER2+ pT2N1, antécédents de péricardite — contre-indication relative aux anthracyclines. FEVG pré-thérapeutique 58 %. Décision RCP : TCH × 6 cycles + G-CSF prophylactique. FEVG stable à 56 % à mi-traitement. Bonne tolérance cardiaque.","Guide AMFROM 2024, Cancers du Sein, Section I.A, p.16-17"
SEIN-HER2-TOLANEY-001,Cancer du sein HER2+ pN0 < 2 cm — Schéma Tolaney (allégé),"Pour les petites tumeurs HER2+ pN0 (T1a-T1b-T1c, sans atteinte ganglionnaire), un schéma de chimiothérapie allégé est suffisant, évitant la toxicité des schémas avec anthracyclines ou taxanes lourds. Le schéma Tolaney (étude APT) — Paclitaxel hebdomadaire + Trastuzumab — a montré une survie sans récidive à 7 ans de 93,3 % pour les tumeurs T1 pN0. Ce schéma est validé comme option de choix en RCP pour les tumeurs HER2+ de petite taille sans envahissement ganglionnaire.",traitement,sein_HER2_positif,localisé,adjuvant,Tolaney|APT|Paclitaxel hebdomadaire|Trastuzumab|pN0|T1|schéma allégé|HER2,Paclitaxel 80 mg/m² hebdomadaire × 12 + Trastuzumab 1 an,"Paclitaxel 80 mg/m² IV J1 hebdomadaire × 12 semaines + Trastuzumab 4 mg/kg C1 puis 2 mg/kg IV hebdomadaire pendant les 12 semaines de Paclitaxel, puis Trastuzumab 6 mg/kg q21j pour compléter 52 semaines (18 cycles) de Trastuzumab au total. Prémédication Paclitaxel : Dexaméthasone 20 mg IV + Diphénhydramine 50 mg IV + Ranitidine 50 mg IV.","Neuropathie périphérique sensorielle (dose-dépendante), alopécie légère, arthralgies, fatigue","Nadia, 52 ans, cancer sein HER2+ pT1cN0 (tumeur 1,8 cm, pas de ganglion envahi). Chirurgie conservatrice + radiothérapie. Adjuvant : Paclitaxel hebdomadaire × 12 + Trastuzumab 1 an (schéma Tolaney). Neuropathie grade 1 aux doigts semaines 9-12 → surveillance sans réduction de dose. FEVG stable à 65 % à fin de traitement.","Guide AMFROM 2024, Cancers du Sein, Section I.A.3, p.15-17"
SEIN-HER2-NERATINIB-001,Cancer du sein HER2+ haut risque — Neratinib en adjuvant prolongé,"Le Neratinib est un inhibiteur irréversible de tyrosine kinase pan-HER (HER1, HER2, HER4), administré en adjuvant prolongé (1 an) après la fin du Trastuzumab chez les patientes HER2+ à haut risque. L'étude exteNET a montré une amélioration de la survie sans maladie invasive à 5 ans (90,2 % vs 87,7 %) chez les patientes RH+/HER2+ N+. La diarrhée est l'effet secondaire limitant majeur, touchant plus de 90 % des patientes, nécessitant une prophylaxie systématique par Lopéramide dès le 1er jour de traitement. Le Neratinib possède l'AMM au Maroc dans cette indication.",traitement,sein_HER2_positif,localisé,adjuvant_prolongé,Neratinib|exteNET|pan-HER|adjuvant prolongé|diarrhée|Lopéramide|RH+HER2+|haut risque,Neratinib 240 mg/j × 12 mois après fin du Trastuzumab,Neratinib 240 mg/j per os en continu × 12 mois (6 cp de 40 mg/j avec nourriture). Prophylaxie diarrhée obligatoire : Lopéramide 4 mg initialement puis 2 mg après chaque selle liquide (max 16 mg/j) pendant les 2 premiers cycles (56 jours). En cas de diarrhée grade 3 persistante : réduction à 200 mg/j puis 160 mg/j. Bilan hépatique mensuel (risque d'hépatotoxicité).,"Diarrhée (grade 3-4 chez 40 % sans prophylaxie — prophylaxie Lopéramide obligatoire), nausées, fatigue, hépatotoxicité (surveillance mensuelle)","Karima, 50 ans, cancer sein RH+/HER2+ pT2N2 (haut risque). Chimiothérapie adjuvante EC → Paclitaxel + Trastuzumab + Pertuzumab (18 cycles). À la fin du Trastuzumab : introduction Neratinib 240 mg/j + protocole Lopéramide. Diarrhée grade 2 semaine 3 → Lopéramide intensifié, alimentation adaptée. Poursuite possible.","Guide AMFROM 2024, Cancers du Sein, Section I.A.3, p.16-17"
SEIN-LUMINAL-CHIM-001,Cancer du sein RH+/HER2- — Indications de chimiothérapie adjuvante,"La décision de chimiothérapie adjuvante dans les cancers RH+/HER2- repose sur une évaluation combinant les facteurs clinico-pathologiques et les signatures génomiques. Les facteurs justifiant la chimiothérapie sont : grade SBR III, Ki67 élevé (> 20-30 %), envahissement ganglionnaire massif (≥ 4 N+), tumeur de grande taille (T3-T4), jeune âge (< 35 ans). La signature génomique Oncotype DX (score de récidive) peut aider à l'omission de la chimiothérapie chez les patientes N0 avec score de récidive ≤ 25 et N+ 1-3 avec score < 16 (données de l'étude RxPONDER). La conférence de Saint-Gall et les recommandations ESMO guident les décisions en RCP.",diagnostic,sein_luminal_RH+_HER2-,localisé,adjuvant,Oncotype DX|score de récidive|RxPONDER|Ki67|grade SBR III|signature génomique|chimiothérapie adjuvante|N+|Saint-Gall,Décision guidée par score de récidive ± facteurs clinico-pathologiques,N/A — Bilan décisionnel,N/A,"Fatima, 52 ans, cancer sein RH+ HER2- pT2N0, grade SBR II, Ki67 = 18 %. Oncotype DX réalisé : score = 22 (intermédiaire). RCP : ménopausée → pas de bénéfice chimiothérapie selon RxPONDER. Décision : hormonothérapie seule (Létrozole 5 ans). Coût Oncotype DX couvert par AMO.","Guide AMFROM 2024, Cancers du Sein, Section I.C.1, p.25-27"
SEIN-LUMINAL-HORMO-002,Cancer du sein RH+/HER2- — Hormonothérapie étendue 10 ans,"L'hormonothérapie adjuvante étendue au-delà de 5 ans réduit le risque de rechute tardive dans les cancers RH+/HER2-. Les données de l'étude ATLAS (Tamoxifène) et les essais MA17/ABCSG12 (anti-aromatases) montrent un bénéfice en survie globale à 10 ans vs 5 ans, particulièrement chez les patientes N+ ou à haut risque. Le bénéfice doit être mis en balance avec la toxicité cumulée (ostéoporose, thrombose pour Tamoxifène). La séquence optimale : Tamoxifène 2-3 ans → anti-aromatase 2-3 ans est une alternative à 5 ans d'un seul traitement chez la femme ménopausée.",traitement,sein_luminal_RH+_HER2-,localisé,adjuvant_prolongé,hormonothérapie étendue|10 ans|ATLAS|MA17|anti-aromatase|Tamoxifène|rechute tardive|N+|switch séquentiel,Tamoxifène 5 ans → Létrozole 5 ans (séquentiel) OU Tamoxifène 10 ans,Tamoxifène 20 mg/j × 5 ans puis switch anti-aromatase × 5 ans (ménopause confirmée). Ou Tamoxifène 20 mg/j × 10 ans (si ménopause non confirmée ou CI anti-aromatase). Ou anti-aromatase 2-3 ans → switch Tamoxifène 2-3 ans (inversion séquentielle possible). Surveillance DEXA annuelle si anti-aromatase. Thromboprophylaxie si Tamoxifène + facteurs de risque.,"Bouffées de chaleur, sécheresse vaginale, arthralgies (anti-aromatases), thrombose veineuse (Tamoxifène), ostéoporose (anti-aromatases)","Najia, 54 ans, cancer sein RH+/HER2- pT2N2 (4 ganglions envahis). Tamoxifène × 2 ans → ménopause confirmée (FSH élevée, aménorrhée 12 mois). Switch Létrozole × 5 ans supplémentaires. Total prévu : 7 ans d'hormonothérapie. DEXA annuelle : ostéoporose à 2 ans sous Létrozole → biphosphonate ajouté.","Guide AMFROM 2024, Cancers du Sein, Section I.C, p.28-32"
SEIN-LUMINAL-EVEROLIMUS-001,Cancer du sein RH+/HER2- métastatique — Évérolimus après CDK4/6,"Après progression sous inhibiteur CDK4/6 + hormonothérapie, l'Évérolimus associé à l'Exémestane est une option en 2ème ligne. L'étude BOLERO a démontré le bénéfice de cette association vs Exémestane seul (PFS médiane 10,6 vs 4,1 mois). L'Évérolimus est un inhibiteur de mTOR qui contourne la résistance à l'hormonothérapie en bloquant la voie PI3K/Akt/mTOR impliquée dans la résistance endocrine. La pneumopathie non infectieuse est l'effet secondaire le plus préoccupant, nécessitant une surveillance par TDM thoracique.",traitement,sein_luminal_RH+_HER2-,métastatique,2ème ligne,Évérolimus|mTOR|BOLERO|Exémestane|résistance hormonothérapie|PI3K|post-CDK4/6|pneumopathie,Évérolimus 10 mg/j + Exémestane 25 mg/j,"Évérolimus 10 mg/j per os en continu (avec nourriture, même heure). + Exémestane 25 mg/j per os avec nourriture. Réduction à 5 mg/j si pneumopathie grade 1-2 ou stomatite grade 2-3. Arrêt temporaire si pneumopathie grade 3, arrêt définitif si grade 4. Bilan hépatique et glycémie mensuels. Bilan lipidique trimestriel.","Stomatite (bain de bouche Xylocaïne gel + Bicarbonate), pneumopathie non infectieuse, hyperglycémie, hyperlipidémie, fatigue, infections","Meriem, 65 ans, ménopausée, RH+/HER2- métastatique osseuse et hépatique. Progression après Palbociclib + Létrozole (16 mois). 2ème ligne : Évérolimus 10 mg/j + Exémestane 25 mg/j. Stomatite grade 2 semaine 3 → bain de bouche Xylocaïne + Bicarbonate × 4/j. Poursuite du traitement. TDM thoracique à 2 mois : pas de pneumopathie.","Guide AMFROM 2024, Cancers du Sein, Section III.E, p.46"
SEIN-TNBC-PARP-001,TNBC ou RH+ métastatique avec mutation BRCA — iPARP (Olaparib/Talazoparib),"Les inhibiteurs de PARP (iPARP) sont indiqués en monothérapie dans les cancers du sein HER2- métastatiques avec mutation germinale BRCA1 ou BRCA2 (testing BRCA désormais théranostique pour toutes les patientes TNBC ou RH+). L'Olaparib a montré dans l'étude OlympiAD une amélioration de la PFS (7,0 vs 4,2 mois) vs chimiothérapie standard. Le Talazoparib dans l'étude EMBRACA a montré une PFS médiane de 8,6 mois vs 5,6 mois avec une meilleure qualité de vie. Ces molécules exploitent le mécanisme de léthalité synthétique : les cellules BRCA-mutées dépendent uniquement du PARP pour la réparation de l'ADN.",traitement,sein_triple_negatif,métastatique,1ère-3ème ligne,Olaparib|Talazoparib|iPARP|BRCA|OlympiAD|EMBRACA|léthalité synthétique|HRR|TNBC métastatique,Olaparib 300 mg × 2/j OU Talazoparib 1 mg/j (BRCA germinal muté),Olaparib : 300 mg × 2/j per os en continu (600 mg/j total). Talazoparib : 1 mg/j per os en continu. Réduire si DFG 31-50 ml/min : Olaparib 200 mg × 2/j. NFS mensuelle obligatoire (risque anémie et thrombopénie). En cas d'anémie grade 3 : interruption + transfusion + reprise à dose réduite.,"Anémie (transfusion parfois nécessaire), thrombopénie, neutropénie, nausées (prendre avec nourriture), fatigue, MDS/LAM rare (surveillance NFS prolongée)","Houda, 40 ans, TNBC métastatique pulmonaire et ganglionnaire. Test BRCA germinal : BRCA2 muté. PD-L1 CPS = 2 (faible). 1ère ligne : Olaparib 300 mg × 2/j. Réponse partielle à 3 mois. Hb 8,5 g/dL à 2 mois (anémie grade 3) → transfusion, réduction Olaparib 250 mg × 2/j. Hb remontée à 10,2 g/dL à 1 mois post-réduction.","Guide AMFROM 2024, Cancers du Sein, Section II.B, p.40-41"
SEIN-TNBC-CHIMIO-META-001,TNBC métastatique — Monothérapies de 2ème et 3ème ligne,"Après échec des traitements de 1ère ligne dans le TNBC métastatique, plusieurs monothérapies sont disponibles. La Capécitabine orale offre une facilité d'administration et une efficacité modeste. La Gemcitabine, la Vinorelbine et la Doxorubicine liposomale pégylée (DLP) sont des options classiques. Le Sacituzumab Govitecan (anticorps conjugué anti-Trop-2) a démontré dans l'étude ASCENT une PFS médiane de 5,6 mois vs 1,7 mois et une SG de 12,1 vs 6,7 mois, représentant une avancée majeure pour les TNBC très prétraités. Le testing HER2 ultra-low est également émergent (T-DXd pour HER2-low).",traitement,sein_triple_negatif,métastatique,2ème-3ème ligne,Capécitabine|Gemcitabine|Vinorelbine|DLP|Sacituzumab Govitecan|Trop-2|ASCENT|HER2-low|T-DXd,Capécitabine OU Gemcitabine OU DLP OU Sacituzumab Govitecan (si disponible),"Capécitabine : 1000-1250 mg/m² × 2/j J1-J14 q21j. Gemcitabine : 1000-1250 mg/m² J1,J8,J15 q28j. Vinorelbine : 25-30 mg/m² J1,J8 q21j IV ou per os. Doxorubicine liposomale : 50 mg/m² q28j. Sacituzumab Govitecan : 10 mg/kg J1,J8 q21j (si disponible — non AMM Maroc actuelle). Cyclophosphamide métonomique : 50 mg/j per os en continu (option économique).","Syndrome main-pied (Capécitabine), myélosuppression (Gemcitabine), stomatite (DLP), diarrhée sévère (Sacituzumab +++)","Zineb, 47 ans, TNBC métastatique osseuse et hépatique, 3ème ligne après Pembrolizumab et Olaparib (BRCA muté). OMS 1. PD-L1 CPS < 10. Décision : Capécitabine 1000 mg/m² × 2/j × 14j q21j (bonne tolérance digestive prévisible). Réponse partielle hépatique à 2 mois. Syndrome main-pied grade 1 → crème hydratante renforcée.","Guide AMFROM 2024, Cancers du Sein, Section II.B, p.42-43"
CCR-RECTUM-001,Cancer du rectum localement avancé — Radiochimiothérapie néoadjuvante,"Le cancer du rectum localement avancé (stades II-III, T3-T4 ou N+) bénéficie d'un traitement néoadjuvant avant la chirurgie pour réduire le risque de récidive locale. La radiochimiothérapie préopératoire longue (50 Gy en 25 fractions + 5-FU ou Capécitabine) est le standard historique pour permettre la conservation sphinctérienne et réduire la récidive. La stratégie TNT (Total Neoadjuvant Treatment) — chimiothérapie d'induction puis RCC ou RCC puis consolidation — améliore les taux de pCR (15-30 % → 25-40 %). Après RCC néoadjuvante, la chirurgie est différée de 6-12 semaines pour maximiser la réponse. En cas de réponse clinique complète (yCR) : une stratégie de 'Watch and Wait' peut être discutée.",traitement,colorectal,localisé,néoadjuvant,rectum|TNT|radiochimiothérapie|Capécitabine|5-FU|pCR|Watch and Wait|conservation sphinctérienne|stade II-III,RCC : RT 50 Gy/25 fractions + Capécitabine 825 mg/m² × 2/j,"RCC standard : RT 50,4 Gy/28 fractions + Capécitabine 825 mg/m² × 2/j tous les jours de RT. Ou RT 45 Gy/25 fractions + 5-FU 225 mg/m²/j en perfusion continue. TNT induction : FOLFIRINOX ou FOLFOX × 4-6 cycles avant RCC. TNT consolidation : FOLFOX × 6-8 cycles après RCC avant chirurgie. Chirurgie : J42-J84 après fin de RCC (délai 6-12 semaines).","Rectite radique, cystite, diarrhée, syndrome main-pied (Capécitabine), neutropénie, dysfonction érectile (séquelle chirurgicale)","Khalid, 52 ans, adénocarcinome du rectum moyen cT3N2M0 (IRM pelvienne). MSS, RAS muté. Plan TNT : FOLFOX × 4 cycles d'induction puis RCC Capécitabine + RT 50,4 Gy. Chirurgie proctectomie antérieure basse à 8 semaines : ypT0N0 (pCR !).","Guide AMFROM 2024, Cancers Digestifs, Section III.A.1, p.80-82"
CCR-BRAF-001,Cancer colorectal métastatique BRAF V600E muté — Thérapie ciblée BRAF+MEK+EGFR,"La mutation BRAF V600E est présente dans environ 8-10 % des CCR métastatiques et confère un pronostic péjoratif (SG médiane ~ 10 mois). Les inhibiteurs anti-BRAF seuls (Vémurafénib) sont inefficaces dans le CCR en raison d'une résistance primaire via la réactivation de la voie EGFR-MAPK. L'association triple Encorafénib (anti-BRAF) + Binimétinib (anti-MEK) + Cétuximab (anti-EGFR) a démontré dans l'étude BEACON une amélioration significative de la SG en 2ème ligne (médiane 9,3 vs 5,9 mois). Le FOLFIRINOX + Bevacizumab est une option en 1ère ligne chez les patients BRAF mutés en bon état général (données rétrospectives).",traitement,colorectal,métastatique,2ème ligne BRAF muté,BRAF V600E|Encorafénib|Binimétinib|Cétuximab|BEACON|MAPK|résistance|FOLFIRINOX|mauvais pronostic,Encorafénib 300 mg/j + Binimétinib 45 mg × 2/j + Cétuximab q14j (2ème ligne),Encorafénib 300 mg/j per os en continu. Binimétinib 45 mg × 2/j per os en continu. + Cétuximab 500 mg/m² IV q14j. 1ère ligne BRAF muté (si bon état général) : FOLFIRINOX complet ou modifié + Bevacizumab 5 mg/kg q14j. En cas de progression : Regorafénib ou TAS-102.,"Fatigue, arthralgies (Encorafénib), œdèmes, HTA (Binimétinib), rash acnéiforme (Cétuximab)","Hamid, 68 ans, CCRm BRAF V600E muté, MSS, RAS sauvage (BRAF muté exclut bénéfice anti-EGFR en 1ère ligne). 1ère ligne : FOLFOX + Bevacizumab × 8 cycles. Progression à 5 mois. 2ème ligne : Encorafénib + Binimétinib + Cétuximab. Réponse partielle à 3 mois (47 % réduction). OMS passé de 2 à 1.","Guide AMFROM 2024, Cancers Digestifs, Section III.A.2, p.89"
CCR-HER2-001,Cancer colorectal métastatique HER2 amplifié — Thérapies anti-HER2,"L'amplification ou surexpression HER2 est détectée dans 2-3 % des CCR métastatiques, principalement dans les tumeurs RAS et BRAF sauvages. C'est une cible thérapeutique émergente après l'échec des traitements standards. Plusieurs associations anti-HER2 ont montré leur efficacité en cas de HER2+ CCR : Trastuzumab + Lapatinib (étude HERACLES), Trastuzumab + Pertuzumab (MyPathway), ou Trastuzumab Deruxtécan (T-DXd, Destiny-CRC01). Le testing HER2 (IHC puis FISH si IHC 2+) est recommandé en cas de RAS/BRAF sauvage n'ayant pas répondu aux anti-EGFR standards.",traitement,colorectal,métastatique,3ème ligne HER2+,HER2 amplifié|CCR|Trastuzumab|Lapatinib|HERACLES|T-DXd|Destiny-CRC01|anti-HER2|RAS sauvage,"Trastuzumab + Pertuzumab OU T-DXd (si HER2 amplifié CCR, post-2ème ligne)","Trastuzumab 8 mg/kg C1 puis 6 mg/kg q21j + Pertuzumab 840 mg C1 puis 420 mg q21j. Option HERACLES : Trastuzumab 4 mg/kg C1 puis 2 mg/kg hebdo + Lapatinib 1000 mg/j. T-DXd 6,4 mg/kg IV q21j (Destiny-CRC01 — si disponible). Testing HER2 préalable obligatoire : IHC sur biopsie fraîche ou tumorothèque récente + FISH si IHC 2+.","Cardiotoxicité (FEVG obligatoire), diarrhée (Lapatinib), pneumopathie interstitielle (T-DXd — surveillance rapprochée)","Amina, 58 ans, CCRm RAS/BRAF sauvage, 3ème ligne post-FOLFOX/FOLFIRI/Bevacizumab. IHC HER2 sur biopsie hépatique : 3+. FISH : amplifiée. Traitement : Trastuzumab + Pertuzumab. Réponse partielle à 2 cycles. FEVG baseline 62 % → contrôle à 3 mois : 60 % (stable). Poursuite traitement.","Guide AMFROM 2024, Cancers Digestifs, Section III.A.2, p.91"
POUMON-ROS1-001,CPNPC métastatique — Réarrangement ROS1 : traitement par Crizotinib/Entrectinib,"Le réarrangement ROS1 concerne environ 1-2 % des CPNPC, survenant préférentiellement chez les sujets jeunes, non-fumeurs avec adénocarcinome. Le Crizotinib (initialement développé pour ALK) est efficace dans les tumeurs ROS1 avec un taux de réponse de 72 % (étude PROFILE 1001). L'Entrectinib est une alternative avec une pénétration cérébrale améliorée (taux de réponse cérébrale 55 %). Le Lorlatinib (3ème génération) a également démontré une activité sur ROS1 et ses mutations de résistance. La détection du réarrangement ROS1 se fait par FISH, IHC ou NGS.",traitement,poumon_CPNPC,métastatique,1ère-2ème ligne ROS1,ROS1|Crizotinib|Entrectinib|PROFILE 1001|pénétration cérébrale|Lorlatinib|jeune non-fumeur|FISH|NGS,Crizotinib 250 mg × 2/j OU Entrectinib 600 mg/j (ROS1 réarrangé),Crizotinib 250 mg × 2/j per os en continu. Entrectinib 600 mg/j per os en continu (avantage : meilleure pénétration cérébrale). Lorlatinib 100 mg/j (2ème ligne post-Crizotinib ou résistance). Réduire Crizotinib si élévation transaminases ou bradycardie.,"Crizotinib : vision trouble (éclairs), bradycardie, œdèmes, nausées, hépatotoxicité. Entrectinib : fatigue, diarrhée, vertiges (toxicité cérébrale)","Rania, 32 ans, non-fumeuse, adénocarcinome pulmonaire stade IV, réarrangement ROS1 (FISH+). Métastases cérébrales multiples. Choix Entrectinib 600 mg/j (meilleure pénétration cérébrale). Réponse cérébrale partielle à 2 mois. ECG mensuel : bradycardie sinusale 52/min — asymptomatique.","Guide AMFROM 2024, Cancers Pulmonaires, Section IV.A.2, p.163"
POUMON-MET-001,CPNPC métastatique — Amplification MET exon 14 skip : Capmatinib/Tepotinib,"Les mutations de saut de l'exon 14 de MET (MET exon 14 skip) concernent 3-4 % des CPNPC, survenant chez des patients plus âgés (> 65 ans) avec une morphologie souvent sarcomatoïde. Ces tumeurs bénéficient d'inhibiteurs spécifiques de MET. Le Capmatinib (étude GEOMETRY mono-1) a montré un taux de réponse de 68 % chez les patients naïfs de traitement et 41 % en 2ème ligne. Le Tepotinib (étude VISION) a obtenu des résultats comparables (taux RO 46 %). Ces molécules pénètrent également dans le cerveau. Le Savolitinib est en cours d'évaluation.",traitement,poumon_CPNPC,métastatique,1ère-2ème ligne MET,MET exon 14|Capmatinib|Tepotinib|GEOMETRY|VISION|sarcomatoïde|amplification MET|sujet âgé,Capmatinib 400 mg × 2/j OU Tepotinib 500 mg/j (MET exon 14 skip),Capmatinib 400 mg × 2/j per os avec nourriture en continu. Tepotinib 500 mg/j per os avec nourriture en continu. Les deux ne nécessitent pas d'adaptation pour la 1ère ligne. Surveillance hépatique et rénale mensuelle.,"Nausées, œdèmes périphériques (Tepotinib ++), augmentation créatinine, fatigue, hépatotoxicité","Said, 72 ans, CPNPC adénocarcinome sarcomatoïde stade IV. NGS : MET exon 14 skip mutation, pas d'EGFR/ALK/ROS1. PD-L1 5 %. 1ère ligne : Capmatinib 400 mg × 2/j. Réponse partielle à 6 semaines. Œdèmes des membres inférieurs grade 1 → bas de contention. Réponse maintenue à 4 mois.","Guide AMFROM 2024, Cancers Pulmonaires, Section IV.A.2, p.164"
POUMON-KRAS-001,CPNPC métastatique — Mutation KRAS G12C : Sotorasib/Adagrasib,"La mutation KRAS G12C concerne environ 13 % des adénocarcinomes pulmonaires. Longtemps considérée comme 'undruggable', cette mutation est maintenant ciblée par de nouveaux inhibiteurs covalents irréversibles. Le Sotorasib (AMG 510 — étude CodeBreaK 100) a montré un taux de réponse de 37 % en 2ème ligne avec une PFS médiane de 6,8 mois. L'Adagrasib (MRTX849 — étude KRYSTAL-1) a montré des résultats similaires avec une meilleure pénétration cérébrale. Ces molécules ne sont pas encore disponibles au Maroc mais représentent une avancée majeure dans la prise en charge du CPNPC KRAS G12C muté.",traitement,poumon_CPNPC,métastatique,2ème ligne KRAS G12C,KRAS G12C|Sotorasib|Adagrasib|CodeBreaK|KRYSTAL-1|undruggable|AMG 510|MRTX849|mutation KRAS,Sotorasib 960 mg/j OU Adagrasib 600 mg × 2/j (KRAS G12C — hors AMM Maroc),Sotorasib 960 mg/j per os en continu (8 cp à 120 mg). Adagrasib 600 mg × 2/j per os en continu. Les deux peuvent se prendre avec ou sans nourriture. Surveillance hépatique obligatoire (hépatotoxicité fréquente avec Sotorasib).,"Diarrhée, nausées, hépatotoxicité (Sotorasib — surveillance ALT/AST), arthralgie","Yasmina, 58 ans, adénocarcinome pulmonaire stade IV, KRAS G12C muté, PDL1 30%. 1ère ligne : Pembrolizumab + carboplatine + pémétrexed × 4 cycles. Progression à 8 mois. Achat Sotorasib en programme d'accès précoce. Hépatotoxicité grade 3 à semaine 6 → arrêt 2 semaines + reprise 480 mg/j (dose réduite). Réponse partielle maintenue à 4 mois post-reprise.","Guide AMFROM 2024, Cancers Pulmonaires, Section IV.A.2, p.164"
POUMON-NTRK-001,CPNPC et tumeurs NTRK — Larotrectinib/Entrectinib (agnostique),"Les fusions du gène NTRK (NTRK1, NTRK2, NTRK3) sont rares (< 1 %) dans le CPNPC mais présentes dans de nombreux types tumoraux. Les inhibiteurs de TRK (Larotrectinib, Entrectinib) sont approuvés de manière 'agnostique de la tumeur' (tumor-agnostic) par la FDA, c'est-à-dire indépendamment du type tumoral, chez les adultes et enfants avec tumeur solide NTRK+ non résécable. Le Larotrectinib a montré un taux de réponse global de 79 % dans une étude poolée incluant 17 types tumoraux différents. Ces indications ne sont pas encore disponibles au Maroc mais le testing NTRK par NGS est recommandé dans le bilan moléculaire systématique du CPNPC.",traitement,poumon_CPNPC,métastatique,toute ligne NTRK+,NTRK|fusion NTRK|Larotrectinib|Entrectinib|tumor-agnostic|LOXO-101|NTRK1|NTRK2|NTRK3|agnostique,Larotrectinib 100 mg × 2/j OU Entrectinib 600 mg/j (NTRK+ — tumor agnostic),"Larotrectinib 100 mg × 2/j per os en continu. Entrectinib 600 mg/j per os en continu. Réduction de dose si toxicité neurologique (vertiges, confusion).","Vertiges, fatigue, constipation, augmentation du poids, toxicité neurologique (Larotrectinib), toxicité cardiaque (Entrectinib)","Yasmine, 45 ans, adénocarcinome pulmonaire stade IV. NGS étendu : fusion NTRK1 (TPR-NTRK1), pas d'EGFR/ALK/ROS1/BRAF. Programme accès précoce Larotrectinib. Taux de réponse rapide à 4 semaines. Vertige grade 2 semaine 2 → réduction 75 mg × 2/j. Maintien réponse partielle.","Guide AMFROM 2024, Cancers Pulmonaires, Section IV.A.2, p.164"
ENDOMETREE-001,Cancer de l'endomètre localisé — Traitement chirurgical et adjuvant,"Le cancer de l'endomètre est le cancer gynécologique le plus fréquent dans les pays développés. La chirurgie (hystérectomie totale + annexectomie bilatérale + curage ganglionnaire) est le traitement standard des stades localisés. La classification moléculaire (TCGA) guide maintenant le traitement adjuvant : POLE muté (excellent pronostic — pas de chimiothérapie), dMMR/MSI-H (immunothérapie), p53 muté (mauvais pronostic — chimiothérapie + RT), profil sans anomalie spécifique (NSMP). La radiochimiothérapie adjuvante (PORTEC-3) bénéficie aux stades III-IV et aux formes à haut risque (carcinome séreux, cellules claires).",traitement,endometree,localisé,curatif,endomètre|TCGA|POLE|dMMR|MSI-H|p53 muté|PORTEC-3|hystérectomie|curage ganglionnaire|classification moléculaire,Chirurgie + Adjuvant selon profil moléculaire : RT ± Chimiothérapie carboplat-paclitaxel,"Chimiothérapie adjuvante (stades III-IV ou haut risque histologique) : Carboplatine AUC5 J1 + Paclitaxel 175 mg/m² J1 q21j × 6 cycles. Radiochimiothérapie pelvienne concomitante (PORTEC-3) : Cisplatine 50 mg/m² J1,J29 + RT 45-48 Gy/25 fractions. Pembrolizumab adjuvant : en cours d'évaluation (KEYNOTE-B21). POLE muté : surveillance seule après chirurgie complète.","Lymphœdème (curage inguinal), complications chirurgicales, neuropathie (Paclitaxel), neutropénie","Fatima, 62 ans, carcinome endométrioïde endomètre stade IIIA (envahissement séreuse). Profil moléculaire : p53 muté (mauvais pronostic). Post-chirurgie : Carboplatine + Paclitaxel × 6 cycles + curiethérapie vaginale (boost). NFS mensuelle. Réponse complète en imagerie.","Guide AMFROM 2024, Cancers Gynécologiques, Section II.C, p.72-74"
ENDOMETREE-META-001,Cancer de l'endomètre avancé/récidivant — Pembrolizumab + Lénvatinib,"En situation avancée ou récidivante, le cancer de l'endomètre bénéficie de nouvelles approches thérapeutiques. L'association Pembrolizumab + Lénvatinib a démontré dans l'étude KEYNOTE-146/Study 111 un taux de réponse objective de 38 % chez les tumeurs non-MSI-H, et cette association est maintenant le standard de 2ème ligne. Pour les tumeurs MSI-H/dMMR : Pembrolizumab ou Dostarlimab en monothérapie sont indiqués en 1ère ligne ou après rechute. Les tumeurs HER2+ (séreux) peuvent bénéficier de Trastuzumab. L'amplification FGFR2 (détectée par NGS dans 10-15 %) peut être ciblée par Erdafitinib.",traitement,endometree,métastatique,1ère-2ème ligne,endomètre avancé|Pembrolizumab|Lénvatinib|KEYNOTE-146|MSI-H|Dostarlimab|HER2+|FGFR2|dMMR|séreux,MSI-H : Pembrolizumab mono | Non-MSI-H : Carboplatine-Paclitaxel puis Pembrolizumab + Lénvatinib,1ère ligne toutes tumeurs : Carboplatine AUC5 + Paclitaxel 175 mg/m² q21j × 6 cycles + Pembrolizumab 200 mg q21j (CheckMate-ish). 2ème ligne MSI-H : Pembrolizumab 200 mg q21j OU Dostarlimab 500 mg q21j × 4 cycles puis 1000 mg q42j. 2ème ligne non-MSI-H : Pembrolizumab 200 mg q21j + Lénvatinib 20 mg/j continu. HER2+ séreux : + Trastuzumab 8 mg/kg C1 puis 6 mg/kg q21j.,"Lénvatinib : HTA, protéinurie, diarrhée, fatigue. Pembrolizumab : immunotoxicité. Association : synergique en toxicité (HTA ++)","Nadia, 68 ans, carcinome séreux utérin stade IVB (ascite + métastases péritonéales). Profil : MSS, p53 muté, HER2 2+ (FISH négative). 1ère ligne : Carboplatine + Paclitaxel + Pembrolizumab × 6 cycles. Réponse partielle. Rechute à 6 mois → 2ème ligne Pembrolizumab + Lénvatinib 18 mg/j. HTA grade 2 → antihypertenseur.","Guide AMFROM 2024, Cancers Gynécologiques, Section II.C, p.72-74"
REIN-LOCAL-001,Carcinome rénal localisé — Chirurgie et traitement adjuvant Pembrolizumab,"Le carcinome rénal localisé est traité chirurgicalement : néphrectomie partielle ou totale selon la taille et la localisation de la tumeur. Pour les stades I-II, la chirurgie est curative sans traitement adjuvant systématique. Pour les stades III (T3-T4 ou N+) à haut risque de rechute : le Pembrolizumab en adjuvant pendant 1 an (étude KEYNOTE-564) améliore significativement la survie sans maladie (HR 0,68). Le Sunitinib adjuvant est moins efficace avec des toxicités plus importantes et n'est plus le standard. L'Axitinib adjuvant (ATLAS) n'a pas démontré de bénéfice.",traitement,rein,localisé,adjuvant,rein localisé|chirurgie|Pembrolizumab|KEYNOTE-564|adjuvant|stade III|haut risque|néphrectomie|Sunitinib adjuvant,Chirurgie (néphrectomie) ± Pembrolizumab 200 mg q21j × 17 cycles (stade III haut risque),Pembrolizumab 200 mg IV q21j × 17 cycles (1 an) en adjuvant post-chirurgie (stades III à haut risque ou IV après résection complète). Pas de traitement adjuvant systématique pour les stades I-II. Surveillance oncologique trimestrielle TDM 3 premières années.,"Toxicités immuno-médiées (hypothyroïdie fréquente, arthralgie, pneumopathie rare), fatigue","Tariq, 55 ans, carcinome rénal cellules claires pT3bN0 (extension veine rénale). Néphrectomie radicale droite. Résection complète R0. Adjuvant : Pembrolizumab 200 mg q21j × 17 cycles. Hypothyroïdie grade 2 à cycle 5 → Lévothyroxine 50 µg/j. Poursuite Pembrolizumab.","Guide AMFROM 2024, Cancers Urologiques, Section VII.B, p.225"
PROSTATE-LOCAL-001,Cancer de la prostate localisé à haut risque — Radiothérapie + Hormonothérapie,"Le cancer de la prostate localisé à haut risque (Gleason ≥ 8, PSA > 20 ng/mL, ou cT3-T4) bénéficie d'une radiothérapie de haute dose associée à une hormonothérapie longue durée (24-36 mois). L'association RT + ADT pendant 2-3 ans améliore significativement la survie globale vs RT seule (méta-analyse Bolla). La brachythérapie de haut débit de dose (HDR) peut compléter la RT externe comme boost de dose. La chirurgie (prostatectomie radicale + curage ganglionnaire étendu) est une alternative pour les patients jeunes en bon état général.",traitement,prostate,localisé,curatif,prostate localisé haut risque|radiothérapie|ADT|hormonothérapie|Gleason|PSA|Bolla|brachythérapie|prostatectomie,RT 74-80 Gy + ADT 24-36 mois (Gleason ≥ 8 ou T3-T4),"RT externe prostate : 74-78 Gy en 37-39 fractions (hypofractionnement modéré possible). ADT concomitant et adjuvant : Leuproréline 7,5 mg IM mensuel OU 22,5 mg IM trimestriel. Durée ADT : 24 mois (risque intermédiaire) à 36 mois (haut risque). Anti-androgène périphérique (Bicalutamide 50 mg/j × 1 mois) au démarrage de l'agoniste LHRH pour prévenir le flare.","Bouffées de chaleur, ostéoporose (DEXA obligatoire), syndrome métabolique, troubles érectiles, rectite radique, cystite radique","Abdelkrim, 65 ans, prostate Gleason 8 (4+4), PSA 18 ng/mL, T3a à l'IRM. Décision RCP : RT 78 Gy + ADT 36 mois. Démarrage Bicalutamide 1 mois puis Leuproréline trimestrielle. DEXA baseline : ostéopénie → Acide zolédronique 5 mg/an préventif + Ca + vit D.","Guide AMFROM 2024, Cancers Urologiques, Section VII.D, p.237-238"
PROSTATE-ENZALUTA-001,Cancer de la prostate — Enzalutamide : pharmacologie et usage,"L'Enzalutamide est un antagoniste du récepteur aux androgènes de 2ème génération qui bloque la voie androgénique à plusieurs niveaux : liaison au récepteur, translocation nucléaire et liaison à l'ADN. Son efficacité a été démontrée dans 3 indications : mHSPC (ARCHES, ENZAMET), nmCRPC (PROSPER) et mCRPC (AFFIRM, PREVAIL). La castration médicale doit être maintenue en concomitance. L'Enzalutamide traverse la barrière hémato-encéphalique, avec un risque de convulsions (< 1 %) — contre-indiqué si antécédents d'épilepsie. Interactions médicamenteuses importantes : inducteur fort du CYP3A4.",traitement,prostate,métastatique,mHSPC et mCRPC,Enzalutamide|ARCHES|AFFIRM|PREVAIL|PROSPER|nmCRPC|mHSPC|convulsions|CYP3A4|androgènes|récepteur,Enzalutamide 160 mg/j (4 cp de 40 mg) per os en continu + ADT,"Enzalutamide 160 mg/j per os en continu (4 cp de 40 mg, avec ou sans nourriture). La castration médicale ou chirurgicale doit être maintenue. Éviter les inducteurs forts du CYP3A4 (Rifampicine, Carbamazépine, Phénytoïne). Si prise concomitante inévitable : augmenter Enzalutamide à 240 mg/j. Réduire dose si toxicité neurologique (vertiges, chutes).","Fatigue, HTA, bouffées de chaleur, convulsions (< 1 % — antécédents épilepsie = contre-indication), vertiges, troubles cognitifs","Rachid, 72 ans, prostate Gleason 7, mHSPC ganglionnaire. PSA 45 ng/mL. Pas d'antécédent neurologique. Traitement : Leuproréline 22,5 mg IM trimestriel + Enzalutamide 160 mg/j. À 6 mois : PSA nadir 0,05 ng/mL. Fatigue grade 2 → évaluation cardiologique, correction anémie légère.","Guide AMFROM 2024, Cancers Urologiques, Section VII.D, p.239-240"
LYMPHOME-DLBCL-001,Lymphome diffus à grandes cellules B (DLBCL) — R-CHOP standard,Le lymphome diffus à grandes cellules B (DLBCL) est le lymphome le plus fréquent chez l'adulte (30-35 % des lymphomes). Le traitement de référence est le R-CHOP (Rituximab + Cyclophosphamide + Doxorubicine + Vincristine + Prednisone) administré tous les 21 jours. Le nombre de cycles (6 ou 8) dépend du stade et du score IPI. L'évaluation par TEP-TDM en cours de traitement (TEP interim après 2-4 cycles) guide l'adaptation thérapeutique (critères de Deauville 1-5). L'intensification avec autogreffe de CSH est réservée aux rechutes chimiosensibles. Le Polatuzumab Vedotin + Rituximab + CT est une option pour les DLBCL en rechute.,traitement,lymphome_DLBCL,général,1ère ligne,DLBCL|R-CHOP|Rituximab|TEP-TDM|IPI|Deauville|autogreffe|Polatuzumab|lymphome B diffus,R-CHOP21 × 6 cycles (IPI 0-2) OU × 8 cycles (IPI ≥ 3),"R-CHOP21 : Rituximab 375 mg/m² J1 + Cyclophosphamide 750 mg/m² J1 + Doxorubicine 50 mg/m² J1 + Vincristine 1,4 mg/m² (max 2 mg) J1 + Prednisone 100 mg/j J1-J5 q21j × 6-8 cycles. G-CSF prophylaxie primaire (risque NF > 20 %). TEP-TDM interim : après cycle 2 ou 4 selon protocole institutionnel.","Cardiotoxicité cumulée Doxorubicine (FEVG avant traitement), neuropathie Vincristine, mucite, neutropénie fébrile, syndrome de lyse (1er cycle)","Mehdi, 52 ans, DLBCL stade IIIA IPI = 3 (haut risque). FEVG baseline 62 %. TEP initial : atteinte médiastinale + rétropéritonéale. R-CHOP × 8 cycles + G-CSF. TEP interim cycle 4 : Deauville 2 (bonne réponse). TEP fin de traitement : Deauville 1 (rémission complète). Surveillance q3 mois.","Guide AMFROM 2024, Hémopathies Malignes, p.200-210"
LYMPHOME-DLBCL-RECHUTE-001,DLBCL en rechute/réfractaire — 2ème ligne et autogreffe,"En cas de rechute ou de résistance primaire au R-CHOP, la stratégie dépend de l'âge, de l'état général et de la chimiosensibilité de la rechute. Si rechute chimiosensible (réponse à la 2ème ligne) chez un patient < 65 ans : intensification par chimiothérapie haute dose + autogreffe de cellules souches (BEAM). Les schémas de 2ème ligne comprennent : R-DHAP (Rituximab + Dexaméthasone + Cytarabine haute dose + Cisplatine) et R-ICE (Rituximab + Iphosphamide + Carboplatine + Étoposide). Le CAR-T (cellules T à récepteur antigénique chimérique anti-CD19) est une option pour les DLBCL réfractaires ou en rechute précoce (< 12 mois).",traitement,lymphome_DLBCL,rechute,2ème ligne,DLBCL rechute|R-DHAP|R-ICE|autogreffe|BEAM|CAR-T|CD19|chimiothérapie haute dose|réfractaire,R-DHAP × 2-3 cycles → si réponse → BEAM + autogreffe CSH,R-DHAP : Rituximab 375 mg/m² J1 + Dexaméthasone 40 mg J1-J4 + Cytarabine 2 × 2 g/m² J2 (toutes les 12h) + Cisplatine 100 mg/m² J1 q21-28j × 2-3 cycles. R-ICE : Rituximab 375 mg/m² J1 + Ifosfamide 5 g/m² J2 (en 24h) + Carboplatine AUC5 J2 + Étoposide 100 mg/m² J1-J3 + Mesna q21j × 3 cycles. BEAM (conditionnement autogreffe) : BCNU 300 mg/m² J-7 + Étoposide 800 mg/m² J-4 à J-7 + Cytarabine 800 mg/m² J-4 à J-7 + Melphalan 140 mg/m² J-2.,"Cytarabine : neurotoxicité cérébelleuse (surtout > 55 ans), conjonctivite (collyres Dexaméthasone obligatoires). Autogreffe : mucite sévère, infections opportunistes","Youssef, 50 ans, DLBCL rechute ganglionnaire 14 mois après R-CHOP. Biopsie rechute : confirmation histologique. OMS 1. FEVG 58 %. 2ème ligne R-DHAP × 2 cycles. TEP réévaluation : Deauville 2 (réponse partielle). Mobilisation CSH + BEAM + autogreffe. TEP à J100 : rémission complète.","Guide AMFROM 2024, Hémopathies Malignes, p.205-208"
LYMPHOME-HODGKIN-001,Lymphome de Hodgkin — ABVD standard et stratégie adaptée,Le lymphome de Hodgkin est une hémopathie maligne curable dans plus de 80 % des cas avec les traitements modernes. Le traitement de référence est le protocole ABVD (Doxorubicine + Bléomycine + Vinblastine + Dacarbazine) × 2-6 cycles selon le stade. La stratégie est adaptée selon le TEP-TDM interim (après 2 cycles) : si TEP négatif (Deauville 1-2) : allégement thérapeutique possible. Si TEP positif (Deauville 4-5) : escalade vers BEACOPP escaladé ou Brentuximab Vedotin. La radiothérapie (involved-site radiation therapy — ISRT) est ajoutée dans les formes localisées ou en cas de masse initiale volumineuse (bulky).,traitement,lymphome_Hodgkin,général,1ère ligne,Hodgkin|ABVD|Bléomycine|Doxorubicine|TEP interim|Deauville|BEACOPP|Brentuximab Vedotin|ISRT|bulky,ABVD × 2-6 cycles ± ISRT | TEP-adapté : Deauville ≥ 4 → BEACOPP ou BV-AVD,"ABVD : Doxorubicine 25 mg/m² J1,J15 + Bléomycine 10 UI/m² J1,J15 + Vinblastine 6 mg/m² J1,J15 + Dacarbazine 375 mg/m² J1,J15 q28j. Stades I-IIA favorable : ABVD × 2-4 cycles + ISRT 20-30 Gy. Stades III-IV : ABVD × 6 cycles ± ISRT sur site résiduel. BEACOPP escaladé (TEP-positif) : Bléomycine + Étoposide + Doxorubicine + Cyclophosphamide + Vincristine + Procarbazine + Prednisone (doses escaladées).","Bléomycine : pneumopathie interstitielle (surveillance TDM si dyspnée, arrêt si pneumopathie). Doxorubicine : cardiotoxicité. Vinblastine : constipation, neuropathie","Omar, 28 ans, lymphome de Hodgkin stade II bulky (masse médiastinale > 10 cm). ABVD × 2 cycles → TEP interim Deauville 2 (bonne réponse). Poursuite ABVD × 4 cycles (6 au total) + ISRT médiastinale 30 Gy. TEP fin de traitement : Deauville 1 (rémission complète). Surveillance semestrielle.","Guide AMFROM 2024, Hémopathies Malignes, p.212-220"
LYMPHOME-LNH-INDOLENT-001,Lymphome folliculaire stade III-IV — R-CHOP ou R-Benda + maintenance,"Le lymphome folliculaire est le lymphome indolent le plus fréquent, caractérisé par une évolution lente mais des rechutes successives. La décision de traitement repose sur les critères GELF (Groupe d'Étude des Lymphomes Folliculaires) : si aucun critère GELF → surveillance active possible. Si critères GELF atteints : R-CHOP ou R-Bendamustine × 6 cycles puis maintenance Rituximab × 2 ans. La R-Bendamustine offre une meilleure PFS et une moindre toxicité hématologique vs R-CHOP dans les lymphomes indolents (étude StiL).",traitement,lymphome_folliculaire,avancé,1ère ligne,lymphome folliculaire|GELF|R-Bendamustine|R-CHOP|Rituximab maintenance|StiL|indolent|surveillance active,R-Benda × 6 cycles + Rituximab maintenance q2 mois × 2 ans,"R-Bendamustine : Rituximab 375 mg/m² J1 + Bendamustine 90 mg/m² J1,J2 q28j × 6 cycles. R-CHOP21 (alternative) : Rituximab + CHOP standard × 6-8 cycles. Maintenance Rituximab (après RC ou RP) : 375 mg/m² q8-12 semaines × 2 ans (12 doses). Prophylaxie Pneumocystis carinii (Cotrimoxazole forte 3j/semaine) pendant R-Benda.","R-Benda : nausées, myélosuppression, réactions infusionnelles Rituximab, infections (hypogammaglobulinémie sous maintenance)","Samir, 60 ans, lymphome folliculaire stade IV (envahissement moelle). Critères GELF : adénopathie > 7 cm + symptômes B. R-Bendamustine × 6 cycles. Réponse complète confirmée. Maintenance Rituximab q8 semaines × 2 ans. Cotrimoxazole forte 3j/semaine pendant la durée de maintenance.","Guide AMFROM 2024, Hémopathies Malignes, p.220-226"
LLA-001,Leucémie lymphoïde aiguë (LLA) — Traitement d'induction adulte,"La leucémie lymphoïde aiguë (LLA) de l'adulte nécessite un traitement intensif comportant trois phases : induction (obtenir la rémission complète), consolidation (éliminer la maladie résiduelle) et maintenance (2 ans). Les schémas d'induction associent Vincristine + Anthracycline + Corticoïdes + Asparaginase (protocoles pédiatriques GRAALL, HOVON). Pour les LLA Ph+ (chromosome Philadelphie + BCR-ABL1) : ajout d'un inhibiteur de tyrosine kinase (Imatinib, Dasatinib ou Ponatinib) est obligatoire dès la phase d'induction — il a transformé le pronostic (survie à 5 ans 40-70 % selon l'âge). Le bilan initial comprend la cytologie, le caryotype, la FISH BCR-ABL1 et le NGS.",traitement,leucemie_LLA,général,1ère ligne,LLA|leucémie aiguë lymphoblastique|Vincristine|Dasatinib|Ph+|BCR-ABL1|GRAALL|induction|MRD|Asparaginase,GRAALL-2014 ou HOVON : Vincristine + Dexaméthasone + Daunorubicine + Asparaginase ± ITK (Ph+),"Induction LLA (protocole type GRAALL) : Dexaméthasone 10 mg/m² J1-J14 + Vincristine 2 mg IV J1,J8,J15,J22 + Daunorubicine 45 mg/m² J1-J3 + Asparaginase PEG 1000 UI/kg J6,J20 + Ponction lombaire J1 (± Méthotrexate intrathécal). Si Ph+ : + Dasatinib 140 mg/j PO en continu OU Imatinib 600 mg/j. Mesure MRD (maladie résiduelle) après induction : guide la décision d'allogreffe.","Asparaginase : allergie, pancréatite, thrombose (attention CIVD), hypofibrinogénémie. Dasatinib : épanchement pleural, HTA pulmonaire","Youssef, 35 ans, LLA-B stade IV Ph+ (BCR-ABL p210 positif, blastes 95 % moelle). Induction : GRAALL + Dasatinib 140 mg/j. RC hématologique à J28. MRD-négativité à consolidation 2 → discussion allogreffe CSH géno-identique. Frère HLA-compatible identifié. Ponatinib bridge pendant attente greffe.","Guide AMFROM 2024, Hémopathies Malignes, p.230-238"
LMC-001,Leucémie myéloïde chronique (LMC) — Traitement par inhibiteurs BCR-ABL,"La leucémie myéloïde chronique (LMC) est définie par la translocation t(9;22) créant le chromosome Philadelphie et l'oncogène de fusion BCR-ABL1 (p210). Les inhibiteurs de tyrosine kinase (ITK) ont révolutionné le pronostic, transformant la LMC en maladie chronique contrôlable. L'Imatinib 400 mg/j est l'ITK de 1ère génération de référence. Les ITK de 2ème génération (Nilotinib, Dasatinib) sont plus puissants et rapides pour obtenir la réponse moléculaire majeure (RMM). Le Ponatinib (3ème génération) est indiqué pour les LMC avec mutation T315I (résistante à tous les ITK de 1ère/2ème génération).",traitement,leucemie_LMC,général,1ère-3ème ligne,LMC|Imatinib|Nilotinib|Dasatinib|Ponatinib|BCR-ABL|Ph+|RMM|T315I|réponse moléculaire|chromosome Philadelphie,Imatinib 400 mg/j (1L) | Nilotinib 300 mg × 2/j ou Dasatinib 100 mg/j (2L) | Ponatinib 45 mg/j (T315I),Imatinib 400 mg/j PO avec nourriture en continu. Nilotinib 300 mg × 2/j PO à jeun (2h avant ou 1h après repas) en continu. Dasatinib 100 mg/j PO avec ou sans nourriture en continu. Ponatinib : 45 mg/j puis réduire à 15 mg/j après RMM (réduction événements CV). Surveillance PCR BCR-ABL1 quantitative q3 mois les 2 premières années.,"Imatinib : œdèmes, nausées, crampes. Nilotinib : hyperglycémie, allongement QTc, artériosclérose. Dasatinib : épanchement pleural. Ponatinib : thrombose artérielle (cardiovasculaire +++)","Amine, 45 ans, LMC phase chronique, score Sokal intermédiaire. Imatinib 400 mg/j démarré. PCR BCR-ABL à 3 mois : 8 % (réponse hématologique complète). PCR à 12 mois : 0,8 % (RMM non atteinte). Switch Nilotinib 300 mg × 2/j. PCR à 18 mois : 0,02 % (réponse moléculaire profonde MR4).","Guide AMFROM 2024, Hémopathies Malignes, p.238-245"
ANAL-001,Cancer du canal anal localisé — Radiochimiothérapie (Nigro modifié),"Le cancer du canal anal (principalement carcinome épidermoïde associé au HPV) est traité par radiochimiothérapie concomitante, permettant la conservation anale dans 70-80 % des cas. Le standard est basé sur le protocole de Nigro : 5-FU + Mitomycine C + RT, qui a remplacé l'amputation abdomino-périnéale (AAP) comme traitement de référence. L'ACT II a comparé 5-FU + Mitomycine vs 5-FU + Cisplatine : résultats équivalents, mais Mitomycine reste le standard pour une meilleure tolérance long terme. La réponse complète est obtenue dans 75-85 % des cas. Chez les patients infectés par le VIH sous traitement ARV efficace, le traitement standard est applicable sans modification majeure.",traitement,canal_anal,localisé,curatif,canal anal|HPV|carcinome épidermoïde|Nigro|5-FU|Mitomycine C|conservation anale|ACT II|VIH|radiochimiothérapie,"RT 54-59 Gy + 5-FU 1000 mg/m²/j J1-J4 + Mitomycine C 10 mg/m² J1,J29","RT : 54-59 Gy sur le canal anal + 45-50 Gy ganglions pelvi-inguinaux. 5-FU : 1000 mg/m²/j IV en perfusion continue J1-J4 et J29-J32. Mitomycine C : 10 mg/m² J1 et J29 (ou 12 mg/m² J1 seulement en option). Alternative (CI Mitomycine) : Cisplatine 60-75 mg/m² J1,J29 à la place de Mitomycine. Réévaluation clinique et IRM pelvienne à 8-12 semaines après fin RT.","Dermite radique périnéale (soin de plaies), proctite, cystite radique, neutropénie sévère (Mitomycine — aplasie parfois prolongée), mucite anale","Aicha, 52 ans, carcinome épidermoïde du canal anal T3N1, HPV-associé, VIH+ sous ARV (CV indétectable). Plan standard Nigro modifié : RT 59 Gy + 5-FU + Mitomycine C. Dermite périnéale grade 3 → pause RT 1 semaine + soins de plaies biquotidiens. Réévaluation à 12 semaines : réponse clinique complète. IRM pelvienne programmée.","Guide AMFROM 2024, Cancers Digestifs, Section III.D, p.120-121"
CHC-LOCOREG-001,"Carcinome hépato-cellulaire — Traitements loco-régionaux (TACE, Ablation)","Les traitements loco-régionaux du CHC sont indiqués pour les stades BCLC 0-B (tumeurs limitées au foie, fonction hépatique Child-Pugh A-B). L'ablation percutanée (radiofréquence ou micro-ondes) est curative pour les tumeurs < 3 cm (BCLC 0 — Child-Pugh A). La chimio-embolisation artérielle (TACE) est le traitement de référence du stade intermédiaire (BCLC B) pour les tumeurs multi-nodulaires sans thrombose. La TACE DEB (Drug-Eluting Beads) permet une meilleure pénétration intratumorale. La radioembolisation (SIRT — Y90) est une alternative en cas de thrombose portale segmentaire.",traitement,hepato_cellulaire,localisé_intermédiaire,loco-régional,CHC|TACE|BCLC|radiofréquence|ablation|chimio-embolisation|DEB|Y90|SIRT|thrombose portale|Child-Pugh,BCLC 0 : ablation | BCLC A : ablation ou chirurgie | BCLC B : TACE-DEB,"TACE conventionnelle : Doxorubicine 50-75 mg/m² mélangée à Lipiodol, puis occlusion à la gélatine éponge. Répété q4-8 semaines selon réponse. TACE-DEB : microsphères chargées en Doxorubicine 100-150 mg (DC Bead ou Quadraspheres). Radiofréquence : électrode percutanée sous guidage TDM ou échographie. SIRT-Y90 : microsphères SIR-Spheres 3 GBq ou TheraSphereres (planification dosimétrique obligatoire).","Syndrome post-embolisation (fièvre, douleurs, nausées 2-7 jours — AINS + antiémétiques), insuffisance hépatique post-TACE (si réserve hépatique limite)","Mustapha, 61 ans, CHC sur cirrhose Child-Pugh A (5 points), 3 nodules 2-4 cm, pas de thrombose portale. BCLC stade B. Décision : TACE-DEB × 2 sessions espacées de 6 semaines. Bilan hépatique avant chaque session obligatoire. Syndrome post-embolisation J1-J3 → Paracétamol + Métoclopramide + Hydratation. TDM à 4 semaines : nécrose tumorale complète des 3 nodules.","Guide AMFROM 2024, Cancers Digestifs, Section III.G, p.136-138"
ORL-THYROIDE-001,Cancer thyroïdien différencié — Traitement post-chirurgical et iode radioactif,"Les cancers thyroïdiens différenciés (papillaire et vésiculaire) sont traités chirurgicalement (thyroïdectomie totale ± curage ganglionnaire). L'irathérapie (iode radioactif I-131) est administrée en post-opératoire selon les critères de risque (ATA ou ETA) pour détruire le tissu résiduel et les métastases iodo-fixantes. La Lévothyroxine est maintenue à doses supprimantes (TSH < 0,1 mUI/L) pour les stades à haut risque. En cas de cancer thyroïdien réfractaire à l'iode : le Lénvatinib (SELECT) ou le Sorafénib (DECISION) sont indiqués (AMM Maroc en attente pour cette indication).",traitement,thyroide,général,curatif,thyroïde|papillaire|vésiculaire|irathérapie|iode 131|Lévothyroxine|TSH supprimée|Lénvatinib|Sorafénib|SELECT|DECISION,Thyroïdectomie + Iode 131 (selon risque) + Lévothyroxine supprimante,"Iode 131 : 30-100 mCi (1110-3700 MBq) pour ablation résidu faible/intermédiaire risque. 100-200 mCi (3700-7400 MBq) pour métastases à distance ou haut risque. Arrêt Lévothyroxine 4-6 semaines avant irathérapie (TSH > 30 mUI/L) OU injection rhTSH (Thyrogen 0,9 mg IM J1-J2) si stimulation exogène. Lévothyroxine post-irathérapie : TSH cible 0,1-0,5 mUI/L (risque standard) ou < 0,1 mUI/L (haut risque). Réfractaire iode : Lénvatinib 24 mg/j ou Sorafénib 800 mg/j.","Irathérapie : sialadenite (bonbons acides J1), xérostomie (long terme si doses cumulées élevées), cytopénie transitoire. Lénvatinib : HTA, diarrhée, perte de poids","Nadia, 45 ans, carcinome papillaire thyroïdien T3N1bM0 (métastases ganglionnaires latérales). Thyroïdectomie totale + curage ganglionnaire central et latéral D. Irathérapie 100 mCi après stimulation rhTSH. Scintigraphie corps entier : fixation cervicale résiduelle. Lévothyroxine 150 µg/j (TSH cible < 0,1 mUI/L à 1 an). Thyroglobuline indétectable à 1 an.","Guide AMFROM 2024, Cancers ORL, Section V.C, p.187-190"
ORL-NASOPHARYNX-META-001,Cancer du nasopharynx métastatique — Chimiothérapie et immunothérapie,"Le carcinome indifférencié du nasopharynx (UCNT) métastatique ou récidivant bénéficie de la chimiothérapie à base de platine. En 1ère ligne métastatique : Gemcitabine + Cisplatine est supérieur au 5-FU + Cisplatine (étude KEYNOTE-122 dérivée de données asiatiques). L'addition du Pembrolizumab à la chimiothérapie (étude KEYNOTE-122) a montré un bénéfice en PFS pour les tumeurs PDL1+ (CPS ≥ 1). En 2ème ligne : les monothérapies (Taxanes, Capécitabine, Gemcitabine) offrent des réponses modestes. Le Camrélizumab (anti-PD-1) a montré un intérêt en Asie mais n'est pas encore disponible au Maroc.",traitement,cavum_UCNT,métastatique,1ère-2ème ligne,UCNT|nasopharynx métastatique|Gemcitabine|Cisplatine|Pembrolizumab|PDL1|CPS|2ème ligne|Taxanes,1L : Gemcitabine + Cisplatine ± Pembrolizumab | 2L : Taxane ou Capécitabine,"1ère ligne : Gemcitabine 1000 mg/m² J1,J8 + Cisplatine 80 mg/m² J1 q21j × 6 cycles ± Pembrolizumab 200 mg J1 q21j (si CPS ≥ 1). 2ème ligne : Docétaxel 75 mg/m² q21j OU Paclitaxel 80 mg/m² J1,J8,J15 q28j. Capécitabine 1250 mg/m² × 2/j J1-J14 q21j. Gemcitabine ± Carboplatine (réintroduction si intervalle ≥ 6 mois).","Myélosuppression, nausées/vomissements (Cisplatine — antiémétiques HEC obligatoires), neuropathie cumulative","Rachid, 44 ans, UCNT du cavum initialement stade III traité par RCC + chimiothérapie. Rechute métastatique pulmonaire et osseuse à 2 ans. EBV-ADN élevé. PDL1 CPS = 8. 1ère ligne métastatique : Gemcitabine + Cisplatine + Pembrolizumab × 6 cycles. Réponse partielle à 3 cycles. EBV-ADN plasmatique devenu indétectable à 4 mois.","Guide AMFROM 2024, Cancers ORL, Section V.A.2, p.177-178"
SARCOME-GIST-001,Tumeur stromale gastro-intestinale (GIST) — Imatinib et thérapies ciblées,"Les GIST sont des tumeurs mésenchymateuses du tube digestif exprimant le récepteur KIT (CD117) muté dans 80 % des cas, ou PDGFRA muté (10 %), ou sans mutation connue (10 %). L'Imatinib est le traitement médical de référence, ayant transformé le pronostic : les GIST avancés, autrefois incurables, ont désormais une médiane de survie > 5 ans. La durée de traitement adjuvant est de 3 ans pour les GIST à haut risque (Joensuu). Les mutations KIT exon 11 répondent mieux à l'Imatinib ; les mutations PDGFRA D842V sont résistantes à l'Imatinib mais sensibles à l'Avapritinib. En résistance à l'Imatinib : Sunitinib (2ème ligne) puis Régorafénib (3ème ligne).",traitement,GIST,localisé_et_métastatique,1ère-3ème ligne,GIST|Imatinib|KIT|PDGFRA|Sunitinib|Régorafénib|Avapritinib|D842V|exon 11|adjuvant 3 ans|Joensuu,Imatinib 400 mg/j (1L) | 800 mg/j si KIT exon 9 | Sunitinib (2L) | Régorafénib (3L),"Imatinib 400 mg/j PO avec nourriture en continu (mutations KIT exon 11). Imatinib 800 mg/j (2 × 400 mg) si mutation KIT exon 9 (moins sensible). Adjuvant haut risque : Imatinib 400 mg/j × 36 mois. 2ème ligne : Sunitinib 50 mg/j J1-J28 q42j OU 37,5 mg/j en continu. 3ème ligne : Régorafénib 160 mg/j J1-J21 q28j. PDGFRA D842V : Avapritinib 300 mg/j (hors AMM Maroc — essai compassionnel).","Imatinib : œdèmes (surtout périorbitaires), nausées, éruption cutanée, anémie. Sunitinib : HTA, syndrome main-pied, thyroïdite","Abderrazak, 58 ans, GIST gastrique 12 cm réséqué R0. Indice mitotique élevé (> 5/50 HPF). Mutation KIT exon 11 (del 557-558). Haut risque selon Joensuu. Adjuvant : Imatinib 400 mg/j × 36 mois. Œdèmes cheville grade 1 → réduction apport sodé. Tolérance globale bonne.","Guide AMFROM 2024, Sarcomes, Section VI.D, p.195-196"
TNE-001,Tumeurs neuroendocrines (TNE) bien différenciées — Traitement médical,"Les tumeurs neuroendocrines (TNE) bien différenciées (grades 1 et 2) ont une croissance lente et un pronostic variable. En maladie localisée : pas de traitement médical adjuvant recommandé. En maladie avancée non résécable : les analogues de la somatostatine (Octréotide LAR, Lanréotide Autogel) sont le traitement de 1ère ligne avec un effet antiprolifératif démontré (PROMID, CLARINET). Pour les TNE pancréatiques : l'Évérolimus (RADIANT-3) et le Sunitinib (SUN111) améliorent la survie sans progression. La chimiothérapie (Streptozocine + 5-FU/Doxorubicine ou Capécitabine + Temozolomide) est réservée aux TNE pancréatiques de haut grade ou progressives.",traitement,tumeurs_neuroendocrines,avancé,1ère-2ème ligne,TNE|neuroendocrine|Octréotide LAR|Lanréotide|PROMID|CLARINET|Évérolimus|Sunitinib|Capécitabine|Temozolomide|RADIANT-3,Octréotide LAR 30 mg IM q28j OU Lanréotide 120 mg SC q28j (1L) | Évérolimus ou Sunitinib (2L TNE pancréatiques),"Octréotide LAR : 30 mg IM profonde q28j en continu. Lanréotide Autogel : 120 mg SC profonde q28j en continu. Évérolimus (TNE pancréatiques, RADIANT-3) : 10 mg/j PO en continu. Sunitinib (TNE pancréatiques, SUN111) : 37,5 mg/j PO en continu. Capécitabine + Temozolomide (CAP-TEM) : Capécitabine 750 mg/m² × 2/j J1-J14 + Temozolomide 200 mg/m² J10-J14 q28j (TNE G2-G3 progressives).","Analogues somatostatine : lithiase biliaire (surveillance écho annuelle), diarrhée, stéatorrhée. Évérolimus : stomatite, pneumopathie, hyperglycémie","Samir, 55 ans, TNE iléale G2 (Ki67 = 8 %) avec métastases hépatiques multiples. Syndrome carcinoïde présent (flush, diarrhée). 5-HIAA urinaires élevés. 1ère ligne : Octréotide LAR 30 mg IM q28j. Contrôle syndrome carcinoïde obtenu. Stabilité tumorale à 12 mois. Cholécystite aiguë à 18 mois (complication biliaire) → cholécystectomie.","Guide AMFROM 2024, Cancers Digestifs, Section III.H, p.141-143"
MYELOME-001,Myélome multiple — Traitement d'induction et autogreffe (patient éligible),"Le myélome multiple est une hémopathie maligne des plasmocytes. Le bilan initial comprend : électrophorèse des protides sériques + immunofixation, protéinurie de Bence Jones, cytologie moelle osseuse, FISH sur plasmocytes (del17p, t(4;14), t(14;16)), IRM rachidienne et TEP-TDM. Chez les patients éligibles à l'autogreffe (< 70 ans, bon PS) : traitement d'induction (VRd ou DaraVRd × 4-6 cycles) → mobilisation CSH → autogreffe (conditionnement Melphalan HD) → maintenance par Lénalidomide. Chez les patients non éligibles : VRd ou DRd ou VMP en continu.",traitement,myelome_multiple,général,1ère ligne,myélome multiple|VRd|DaraVRd|Bortézomib|Lénalidomide|Dexaméthasone|autogreffe|Melphalan|FISH|del17p|maintenance,VRd × 4-6 cycles → autogreffe Melphalan HD → Lénalidomide maintenance,"VRd : Bortézomib 1,3 mg/m² SC J1,J4,J8,J11 + Lénalidomide 25 mg/j J1-J14 + Dexaméthasone 40 mg J1,J8,J15,J22 q21j × 4-6 cycles. DaraVRd : + Daratumumab 16 mg/kg IV J1,J8,J15 (cycles 1-3) puis J1 (cycles 4-6). Conditionnement autogreffe : Melphalan 200 mg/m² (ou 140 mg/m² si > 65 ans ou IRC). Maintenance Lénalidomide : 10-15 mg/j J1-J21 q28j jusqu'à progression ou toxicité.","Bortézomib : neuropathie périphérique (privilégier SC sur IV), thrombopénie. Lénalidomide : thrombose (anticoagulation prophylactique obligatoire), tératogène","Mustapha, 62 ans, myélome IgG kappa stade III (DS), del17p à la FISH (haut risque). DaraVRd × 6 cycles d'induction. Très bonne réponse partielle (VGPR). Mobilisation CSH + autogreffe Melphalan 200 mg/m². Maintenance Lénalidomide 15 mg/j. Thromboprophylaxie aspirine 75 mg/j.","Guide AMFROM 2024, Hémopathies Malignes, p.245-254"
SUPPORT-DOULEUR-001,Douleur cancéreuse — Protocole OMS et opioïdes,"La douleur est présente chez 50-70 % des patients atteints de cancer et nécessite une évaluation systématique (échelle EVA/EN) avant chaque traitement. L'OMS recommande une approche par paliers : Palier 1 : douleur légère (EVA 1-3) → Paracétamol ± AINS. Palier 2 : douleur modérée (EVA 4-6) → Tramadol, Codéine ou opioïdes faibles. Palier 3 : douleur sévère (EVA ≥ 7) → Morphine, Oxycodone, Fentanyl transdermique. La voie orale est privilégiée. La dose de secours (rescue) = 1/6 de la dose quotidienne totale. La constipation est un effet secondaire systématique → laxatif systématique dès le 1er opioïde.",soins_support,général,général,soins_support,douleur|OMS|morphine|opioïdes|EVA|Fentanyl transdermique|palier|rescue|constipation|rotation opioïdes|Oxycodone,Paliers OMS : Paracétamol → Tramadol → Morphine LP + rescue,Palier 1 : Paracétamol 1 g × 4/j ± Ibuprofène 400 mg × 3/j (si pas de CI). Palier 2 : Tramadol LP 100-200 mg × 2/j ou Codéine 30-60 mg × 4/j. Palier 3 initiation : Morphine LP 30 mg × 2/j + rescue Morphine IR 10 mg q4h si besoin. Réévaluation à 48-72h : doses rescue utilisées → ajuster LP. Fentanyl patch (si stable) : 25 µg/h q72h (conversion Morphine orale 90 mg/j → Fentanyl 25 µg/h). Laxatif systématique : Macrogol 10 g × 1-2/j ou Lactulose 15 ml × 2/j.,"Constipation (systématique), nausées (transitoires — Dompéridone), somnolence (s'adapte en 48-72h), rétention urinaire, confusion (sujets âgés)","Abdellatif, 70 ans, cancer prostate mCRPC avec douleurs osseuses EVA 7/10 malgré Paracétamol. Introduction Morphine LP 30 mg × 2/j + rescue Morphine IR 10 mg si besoin. Laxatif Macrogol 10 g/j systématique. J3 : 3 rescues utilisés → augmentation LP à 60 mg × 2/j. J7 : EVA 3/10, 0-1 rescue/j. Rotation vers Fentanyl patch 25 µg/h (patient stable).","Guide AMFROM 2024, Soins de Support, Section X.G, p.279-285"
SUPPORT-FATIGUE-001,Fatigue liée au cancer — Évaluation et prise en charge,"La fatigue liée au cancer (FLC) est le symptôme le plus fréquent et le plus invalidant chez les patients cancéreux (70-90 %). Elle est multifactorielle : anémie, toxicité des traitements, inflammation, troubles du sommeil, déconditionnement, dépression, hypothyroïdie. L'évaluation inclut l'échelle de Piper ou FACT-F, le bilan biologique (NFS, TSH, glycémie, vitamine D) et l'élimination des causes traitables. La prise en charge repose sur : activité physique adaptée (APA — preuve de grade A), gestion du sommeil, psycho-éducation, et traitement des causes identifiées. L'EPO/darbépoétine est indiquée si anémie symptomatique sous chimiothérapie (Hb < 10 g/dL).",soins_support,général,général,soins_support,fatigue|FLC|APA|activité physique|anémie|EPO|darbépoétine|FACT-F|Piper|TSH|sommeil|déconditionnement,APA + correction causes traitables (anémie → EPO si Hb < 10 g/dL sous chimio) + soutien psychologique,"Darbépoétine alfa : 500 µg SC q3 semaines (si Hb < 10 g/dL, anémie chimio-induite). OU Époétine alfa : 150 UI/kg SC 3×/semaine OU 40 000 UI SC hebdomadaire. Fer IV (si carence martiale associée) : Fer sucrose 200 mg IV × 5 jours ou Ferricarboxymaltose 1000 mg IV dose unique. Supplémentation vitamine D si déficit (objectif 25-OH-D3 > 30 ng/mL). APA : 30 min de marche rapide 5j/semaine + exercices de résistance 2j/semaine.","EPO : HTA (contrôle PA), thrombose (ne pas dépasser Hb 12 g/dL — contre-productif)","Leila, 55 ans, sous chimiothérapie pour cancer du sein. Fatigue EVA 8/10. NFS : Hb 8,2 g/dL, fer 7 µmol/L (carence martiale). TSH normale. Traitement : Ferricarboxymaltose 1000 mg IV + Darbépoétine 500 µg q3 semaines. APA prescrite (kinésithérapeute oncologique). À 6 semaines : Hb 10,5 g/dL, fatigue EVA 4/10.","Guide AMFROM 2024, Soins de Support, Section X.H, p.286-290"
SUPPORT-NUTRITION-001,Nutrition et dénutrition en oncologie — Évaluation et support nutritionnel,"La dénutrition touche 30-80 % des patients cancéreux selon la localisation (cancer des VADS, œsophage, pancréas, estomac les plus à risque). Elle est associée à une augmentation de la toxicité des traitements, une réduction de l'efficacité thérapeutique, et une mortalité accrue. L'évaluation du statut nutritionnel (NRI, MNA, perte de poids > 5 % en 1 mois) est systématique en RCP. La prise en charge comprend : conseils diététiques, compléments oraux hypercaloriques, nutrition entérale (sonde nasogastrique ou gastrostomie si déglutition impossible), ou nutrition parentérale (si voie entérale impossible). L'objectif est 30-35 kcal/kg/j et 1,5 g/kg/j de protéines.",soins_support,général,général,soins_support,dénutrition|nutrition|NRI|MNA|entérale|parentérale|compléments oraux|gastrostomie|mucite|VADS|pancréas|poids,Évaluation nutritionnelle avant chaque traitement + support selon grade dénutrition,"Compléments oraux hyperprotéinés : 2 briquettes/j (600-800 kcal + 30-40 g protéines). Nutrition entérale par SNG : 1500-2000 kcal/j (polymère standard 1 kcal/mL). Gastrostomie perendoscopique (GPE) si ORL/œsophage avec traitement long > 4-6 semaines. Nutrition parentérale : uniquement si tube digestif non fonctionnel. Apports cibles : énergie 30 kcal/kg/j, protéines 1,5 g/kg/j, hydratation 30-35 mL/kg/j.","SNG : inconfort, sinusite. GPE : infection stomie, saignement péri-ostomie. Parentérale : infections cathéter, déséquilibres électrolytiques","Rachid, 60 ans, carcinome épidermoïde de l'hypopharynx T3N2, prévu pour RCC 70 Gy. Poids à J0 : 68 kg, albuminémie 32 g/L (dénutrition modérée). Décision : gastrostomie GPE avant démarrage RT (prévention dénutrition pendant 7 semaines de traitement). Nutrition entérale nocturne 1500 kcal/j débutée J7 post-GPE.","Guide AMFROM 2024, Soins de Support, Section X.J, p.294-300"
SUPPORT-CORTICOIDES-001,Corticoïdes en oncologie — Indications et protocoles,"Les corticoïdes ont de multiples indications en oncologie : anti-tumoral direct (lymphomes, myélome), anti-œdémateux cérébral, antiémétique, stimulation de l'appétit, traitement des effets secondaires des immunothérapies. En cas de compression médullaire ou d'œdème cérébral par métastases : Dexaméthasone IV haute dose en urgence. Pour les toxicités immuno-médiées sous immunothérapie (grade 2-4) : Méthylprednisolone IV 1-2 mg/kg/j puis Prednisone PO décroissante. Les complications des corticoïdes à long terme (ostéoporose, diabète, infections) nécessitent une surveillance et une prévention.",soins_support,général,général,soins_support,corticoïdes|Dexaméthasone|Méthylprednisolone|Prednisone|compression médullaire|œdème cérébral|immunotoxicité|anti-tumoral|ostéoporose,Urgence neurologique : Dexaméthasone 16-20 mg IV | Immunotoxicité gr2-3 : Prednisone 1 mg/kg/j,"Compression médullaire/hypertension intracrânienne : Dexaméthasone 10-16 mg IV bolus puis 4-8 mg IV × 4/j + protection gastrique (IPP). Métastases cérébrales symptomatiques : Dexaméthasone 4-8 mg PO/IV × 2-3/j. Immunotoxicité grade 2 : Prednisone 0,5-1 mg/kg/j PO. Immunotoxicité grade 3-4 : Méthylprednisolone 1-2 mg/kg/j IV × 3 jours puis relais PO. Décroissance progressive sur 4-6 semaines minimales. Cotrimoxazole forte 3j/semaine si Prednisone > 20 mg/j × 4 semaines (prophylaxie Pneumocystis).","Hyperglycémie (surveillance glycémie), insomnie (éviter prise le soir), amyotrophie, ulcère gastrique (IPP obligatoire), infections opportunistes","Amina, sous Pembrolizumab pour cancer sein, consultation urgence : dyspnée + infiltrats bilatéraux. Pneumopathie immuno-médiée grade 3. Arrêt Pembrolizumab. Méthylprednisolone 1 mg/kg/j IV × 3 jours → amélioration progressive. Relais Prednisone 80 mg/j PO décroissant sur 6 semaines. IPP + cotrimoxazole forte prophylactique. TDM thoracique J14 : amélioration. Pembrolizumab définitivement arrêté (pneumopathie grade 3).","Guide AMFROM 2024, Soins de Support, Section X.F, p.279"
SUPPORT-MUCITE-001,Mucite orale chimio/radio-induite — Prévention et traitement,"La mucite orale est une inflammation douloureuse des muqueuses buccales survenant chez 40-60 % des patients sous chimiothérapie et jusqu'à 100 % sous RCC des cancers des VADS. La classification WHO distingue 4 grades de sévérité. La prévention comprend : bilan dentaire pré-traitement, bain de bouche au bicarbonate × 6/j, cryothérapie orale pendant la chimiothérapie. Le traitement curatif de la mucite : antifongiques prophylactiques (Fluconazole), analgésiques locaux (Xylocaïne visqueuse), alimentation mixée ou parentérale. Le Palifermin (keratinocyte growth factor) est utilisé en prévention avant autogreffe de CSH à forte dose.",effets_secondaires,général,général,soins_support,mucite|stomatite|bain de bouche|bicarbonate|Xylocaïne|Fluconazole|Palifermin|cryothérapie|VADS|RCC,Prévention : bain de bouche bicarbonate × 6/j + évaluation dentaire | Curatif : antifongiques + analgésiques locaux,"Prévention : Bicarbonate de sodium 1,4 % bain de bouche × 6/j dès J1 de CT ou RT. Cryothérapie orale : glaçons pendant la perfusion de 5-FU bolus ou Melphalan. Antifongique préventif (immunodéprimés) : Fluconazole 100-200 mg/j PO. Mucite grade 2-3 curative : Xylocaïne visqueuse 2 % 5 mL × 4-6/j (avant repas). + Bain de bouche Bicarbonate + Nystatin suspension 500 000 UI × 4/j. Morphine IV patient-controlled analgesia (PCA) si mucite grade 4 (alimentation impossible).","Anesthésie locale prolongée (Xylocaïne), risque d'ingestion accidentelle si anesthésie pharyngée","Hassan, 58 ans, carcinome du sinus piriform sous RCC 70 Gy. Semaine 5 : mucite grade 3 — alimentation impossible par voie orale. GPE déjà en place → nutrition entérale nocturne augmentée à 2000 kcal/j. Xylocaïne visqueuse avant soins de bouche. Morphine 20 mg/j per GPE. Amélioration grade 2 à 2 semaines post-RT.","Guide AMFROM 2024, Soins de Support, Section X.K, p.300-304"
SUPPORT-CARDIO-001,Cardiotoxicité des traitements anticancéreux — Surveillance et prévention,"La cardiotoxicité est un effet secondaire majeur de plusieurs classes thérapeutiques. Anthracyclines (Doxorubicine, Épirubicine) : cardiomyopathie dilatée dose-dépendante (dose cumulée max : Doxorubicine 450-550 mg/m², Épirubicine 900 mg/m²). Trastuzumab/Pertuzumab : dysfonction cardiaque réversible, liée à l'inhibition de la voie HER2 cardiaque (généralement récupération à l'arrêt). 5-FU/Capécitabine : spasme coronarien (surveillance ECG). Immunothérapies : myocardite immuno-médiée rare mais grave (mortalité 50 %). La surveillance FEVG est obligatoire : avant traitement, à 3-6 mois, puis tous les 6 mois.",soins_support,général,général,soins_support,cardiotoxicité|FEVG|anthracyclines|Trastuzumab|5-FU|myocardite|immuno-médiée|écho-cardiographie|dose cumulée|Doxorubicine|HER2 cardiaque,FEVG avant traitement puis tous les 3-6 mois | Arrêt si baisse FEVG > 10 points ou FEVG < 50 %,"Seuil d'arrêt : FEVG < 50 % OU baisse > 10 points par rapport à la valeur baseline. Dexrazoxane (cardioprotecteur) : 10 × dose Doxorubicine, administré 30 min avant si dose cumulée Doxorubicine > 300 mg/m² (prévention cardiomyopathie tardive). Myocardite sous immunothérapie (urgence) : arrêt immunothérapie + Méthylprednisolone 1-2 mg/kg/j IV + Cyclosporine si réfractaire + cardiologie urgente. Spasme coronarien sous 5-FU : arrêt 5-FU + Dérivés nitrés + Diltiazem.","Myocardite (immunothérapie 0,1-1 %, mortalité élevée), cardiomyopathie dilatée (anthracyclines tardive), syndrome coronarien (5-FU 1-2 %)","Samira, 50 ans, sous R-CHOP pour DLBCL (Doxorubicine 50 mg/m² × 6 cycles = cumul 300 mg/m²). FEVG baseline 65 %. À 3 mois cycle 4 : FEVG 52 % (chute 13 points). Pause Doxorubicine. Mise en route IEC + bêtabloquant. FEVG à 3 mois : 58 % (récupération partielle). Arrêt définitif Doxorubicine — schéma R-CVP × 2 cycles restants.","Guide AMFROM 2024, Soins de Support, Section X.C, p.271-273"
DIAG-BIOPSIE-LIQUIDE-001,Biopsie liquide — ADN tumoral circulant et cellules tumorales circulantes,"La biopsie liquide désigne l'analyse de matériel tumoral dans le sang périphérique : ADN tumoral circulant (ctDNA), ARN cellulaire libre, cellules tumorales circulantes (CTC). Ses applications cliniques croissantes en oncologie : Détection des mutations de résistance (EGFR T790M post-ITK), suivi de la réponse thérapeutique (ctDNA marker de MRD), diagnostic de rechute précoce avant l'imagerie, bilan moléculaire si tissu tumoral insuffisant. Techniques utilisées : ddPCR (droplet digital PCR) pour mutations ciblées, NGS en panel ou séquençage complet du génome tumoral circulant. Limites : sensibilité moindre pour petites tumeurs ou localisations cérébrales.",diagnostic,général,général,diagnostic,biopsie liquide|ctDNA|ADN circulant|CTC|ddPCR|NGS|EGFR T790M|MRD|résistance|suivi moléculaire,Biopsie liquide — ctDNA par ddPCR ou NGS panel large,N/A — Bilan diagnostique/moléculaire,N/A,"Fatima, CPNPC EGFR exon 19 del sous Erlotinib depuis 14 mois. Légère progression ganglionnaire. Biopsie tissu trop risquée (adénopathie médiastinale). Biopsie liquide ctDNA : EGFR T790M détecté (42 % allèle). Decision switch vers Osimertinib 80 mg/j. Biopsie liquide de contrôle à 3 mois : T790M indétectable (bonne réponse).","Guide AMFROM 2024, Cancers Pulmonaires, Section IV.A.2, p.153-154"
DIAG-PD-L1-001,Expression PDL1 — Tests et interprétation en oncologie,"L'expression de PD-L1 (Programmed Death-Ligand 1) est un biomarqueur prédictif de réponse à l'immunothérapie anti-PD-1/PD-L1. Deux scores sont utilisés selon l'indication : TPS (Tumor Proportion Score) : % de cellules tumorales PD-L1+ → utilisé dans le CPNPC (Pembrolizumab : TPS ≥ 50 % pour monothérapie). CPS (Combined Positive Score) : cellules tumorales + immunitaires PD-L1+ → utilisé dans les cancers du col, estomac, TNBC. IC (Immune Cell score) : uniquement les cellules immunitaires → utilisé dans le cancer de la vessie (Atézolizumab). Le test PDL1 est réalisé par immunohistochimie sur biopsie fraîche ou incluse en paraffine.",diagnostic,général,général,diagnostic,PDL1|TPS|CPS|IC|immunohistochimie|PD-1|immunothérapie|biomarqueur|Pembrolizumab|Atézolizumab|CPNPC|col utérin,Test PDL1 IHC — TPS pour CPNPC | CPS pour col/estomac/TNBC | IC pour vessie,N/A — Test diagnostique/prédictif,N/A,"Youssef, adénocarcinome pulmonaire stade IV. NGS : pas d'EGFR/ALK/ROS1. PDL1 IHC 22C3 : TPS = 65 % (haute expression). Décision : Pembrolizumab monothérapie (KEYNOTE-024). Réponse partielle à 3 mois. TDM q3 mois. Thyroïdite à 6 mois → Lévothyroxine.","Guide AMFROM 2024, Cancers Pulmonaires + Gynécologiques, p.153-154"
DIAG-MSI-001,Instabilité des microsatellites (MSI-H/dMMR) — Testing et implications thérapeutiques,"L'instabilité des microsatellites (MSI-H) ou le déficit du système de réparation des mésappariements (dMMR) est un biomarqueur pan-tumoral de réponse à l'immunothérapie. La détection se fait par PCR (MSI) ou immunohistochimie (dMMR — perte d'expression MLH1, MSH2, MSH6 ou PMS2). Ces deux techniques sont complémentaires. Le Pembrolizumab est approuvé de manière agnostique (tumor-agnostic) par la FDA pour tous les tumeurs MSI-H/dMMR non résécables ou métastatiques après progression sous traitements standards. La prévalence est variable : 15-20 % en CCR localisé, 4 % en CCR métastatique, 30 % en endomètre, < 5 % dans les autres tumeurs.",diagnostic,général,général,diagnostic,MSI-H|dMMR|microsatellites|MLH1|MSH2|PMS2|tumor-agnostic|Pembrolizumab|PCR|IHC|colorectal|endomètre,Testing MSI par PCR + dMMR par IHC sur tissu tumoral,N/A — Test diagnostique/prédictif,N/A,"Mohammed, 48 ans, adénocarcinome de l'estomac stade IV réfractaire aux 2 premières lignes. Biopsie métastase hépatique : dMMR (perte MLH1 et PMS2 en IHC). MSI-H confirmé par PCR. 3ème ligne agnostique : Pembrolizumab 200 mg q21j. Réponse partielle complète à 4 mois — patient encore en traitement à 12 mois.","Guide AMFROM 2024, Cancers Digestifs + Gynécologiques, p.83-91"
SUIVI-POUMON-001,Suivi post-traitement du CPNPC localisé résécable,"Après résection chirurgicale curative d'un CPNPC, le suivi vise à détecter précocement une récidive locale ou à distance, potentiellement accessible à un traitement. Modalités standard : examen clinique + TDM thoracique tous les 3-6 mois les 2 premières années, puis annuellement jusqu'à 5 ans. La TEP-TDM n'est pas recommandée en routine (coût + faux positifs). Si mutation EGFR : biopsie liquide trimestrielle recommandée pour surveillance MRD (en particulier sous Osimertinib adjuvant). Arrêt tabac systématiquement encouragé (réduction risque de récidive et 2ème cancer). Consultation pneumologique annuelle recommandée.",suivi,poumon,post_traitement,suivi,suivi CPNPC|TDM thoracique|biopsie liquide|EGFR|Osimertinib adjuvant|arrêt tabac|récidive|surveillance post-op,TDM thoracique q3-6 mois × 2 ans puis annuel × 5 ans,N/A — Surveillance post-thérapeutique,N/A,"Omar, 58 ans, CPNPC EGFR muté stade IIB réséqué + Osimertinib adjuvant. Suivi : TDM thoracique q6 mois + IRM cérébrale annuelle + biopsie liquide q3 mois. À 18 mois sous Osimertinib : biopsie liquide ctDNA positive EGFR T790M. TDM thoracique : micro-nodule 8 mm apparu en hilaire. TEP-TDM confirmant fixation. Décision RCP : prélèvement guidé + réévaluation chirurgicale.","Guide AMFROM 2024, Cancers Pulmonaires, Section IV.A.1, p.152"
SUIVI-PROSTATE-001,Suivi post-traitement du cancer de la prostate localisé,"Le suivi du cancer de la prostate après traitement curatif (chirurgie ou radiothérapie) repose principalement sur le dosage du PSA. Après prostatectomie radicale : le PSA doit devenir indétectable (< 0,1 ng/mL). Une élévation du PSA après chirurgie (> 0,2 ng/mL à 2 dosages consécutifs) définit la récidive biochimique → TEP-PSMA ou TEP-Choline + IRM prostatique. Après radiothérapie : le nadir PSA doit être le plus bas possible ; la définition de récidive biochimique est PSA nadir + 2 ng/mL (critères Phoenix). En cas de récidive locale isolée : radiothérapie de sauvetage (post-chirurgie) ou curie/HIFU (post-RT). Récidive métastatique : ADT.",suivi,prostate,post_traitement,suivi,suivi prostate|PSA|récidive biochimique|TEP-PSMA|Phoenix|nadir PSA|radiothérapie sauvetage|prostatectomie|ADT,PSA q3-6 mois × 2 ans puis q6-12 mois × 5 ans | Récidive bio → TEP-PSMA,N/A — Surveillance post-thérapeutique,N/A,"Abderrahim, 64 ans, cancer prostate Gleason 7 traité par prostatectomie radicale. PSA post-op < 0,01 ng/mL (indétectable). À 24 mois : PSA 0,35 ng/mL (récidive biochimique, 2 dosages confirmés). TEP-PSMA : foyer unique ganglionnaire ilioaque gauche. IRM pelvienne : pas de récidive locale. Décision : radiothérapie sauvetage ganglionnaire + ADT 24 mois.","Guide AMFROM 2024, Cancers Urologiques, Section VII.D, p.237"
SUIVI-MELANOME-001,Suivi post-traitement du mélanome localisé résécable,"Le suivi du mélanome primitif réséqué vise à détecter une récidive locale, un transit, une atteinte ganglionnaire ou des métastases à distance. Stades I-II : examen clinique (inspection cutanée complète + palpation ganglionnaire) tous les 3-6 mois les 3 premières années, puis annuellement. Stades III (atteinte ganglionnaire) : TDM corps entier tous les 6 mois × 3 ans + IRM cérébrale annuelle. Le taux de LDH est un marqueur pronostique important en cas de rechute. L'auto-examen cutané mensuel et la photoprotection solaire sont enseignés au patient. Les proches du 1er degré doivent bénéficier d'une consultation dermato préventive.",suivi,melanome,post_traitement,suivi,suivi mélanome|examen cutané|TDM|LDH|IRM cérébrale|stade III|auto-examen|photoprotection|prédisposition familiale,St I-II : examen clinique q6 mois | St III : TDM q6 mois × 3 ans + IRM cérébrale annuelle,N/A — Surveillance post-thérapeutique,N/A,"Imad, 40 ans, mélanome primitif dos pT3b, ganglion sentinelle positif (stade IIIB). Curage ganglionnaire + Nivolumab adjuvant 1 an. Suivi stade III : TDM thoraco-abdomino-pelvien q6 mois × 3 ans + IRM cérébrale q6 mois. Examen dermato trimestriel. À 18 mois post-chirurgie : TDM stable, LDH normal. Bonne tolérance Nivolumab.","Guide AMFROM 2024, Cancers Cutanés, Section VIII.A, p.255"
PEAU-CBC-001,Carcinome basocellulaire localement avancé — Vismodégib/Sonidégib,"Le carcinome basocellulaire (CBC) est le cancer cutané le plus fréquent. La chirurgie est curative dans la plupart des cas. Pour les formes localement avancées ou métastatiques non accessibles à la chirurgie ou à la radiothérapie : les inhibiteurs de la voie Hedgehog (Vismodégib, Sonidégib) sont indiqués. La voie SMO/Hedgehog est activée dans 90 % des CBC. Le Vismodégib (étude STEVIE) a montré un taux de réponse de 48 % dans les CBC localement avancés. La Sonidégib (BOLT) offre une meilleure sélectivité CNS3 (SMO inhibition). Les effets secondaires : crampes musculaires, alopécie, perte de poids et altération du goût sont très fréquents et altèrent la qualité de vie.",traitement,cancer_peau,localement_avancé,1ère ligne non chirurgicale,carcinome basocellulaire|CBC|Vismodégib|Sonidégib|Hedgehog|SMO|STEVIE|BOLT|alopécie|crampes,Vismodégib 150 mg/j OU Sonidégib 200 mg/j (CBC localement avancé non résécable),Vismodégib 150 mg/j PO en continu. Sonidégib 200 mg/j PO avec nourriture en continu. Pause thérapeutique possible si effets secondaires intolérables (crampes grade 3 — magnésium + pause 2-4 semaines). Grossesse : tératogène — contraception obligatoire (femmes et hommes).,"Crampes musculaires (Mg 600 mg/j), alopécie (diffuse, réversible à l'arrêt), ageusie, asthénie, aménorrhée, perte de poids, tératogénicité ABSOLUE","Hamid, 80 ans, CBC du nez 6 cm récidivant après 3 chirurgies et RT, non résécable (envahissement base du crâne). OMS 1. Vismodégib 150 mg/j. Réponse partielle à 4 mois. Crampes grade 2 → Magnésium 600 mg/j. Alopécie totale à 2 mois. Patient informé : arrêt possible si non supporté (crampes grade 3 → pause 3 semaines).","Guide AMFROM 2024, Cancers Cutanés, Section VIII.B, p.256-257"
PEAU-CSE-001,Carcinome épidermoïde cutané avancé — Cemiplimab,"Le carcinome épidermoïde cutané (CEC) est le 2ème cancer cutané en fréquence. La chirurgie reste le traitement curatif standard. Pour les formes localement avancées ou métastatiques non accessibles à la chirurgie ou à la radiothérapie : le Cemiplimab (anti-PD-1) est le traitement de référence. L'étude EMPOWER-CSCC-1 a montré un taux de réponse objective de 47 % en monothérapie et une PFS médiane de 18,4 mois. Le Pembrolizumab peut également être utilisé en l'absence de Cemiplimab. La radiothérapie palliative est une option pour les formes localement avancées non accessibles à la chirurgie.",traitement,cancer_peau,localement_avancé,1ère ligne non chirurgicale,carcinome épidermoïde cutané|CEC|Cemiplimab|anti-PD-1|EMPOWER|Pembrolizumab|immunothérapie|peau|non résécable,Cemiplimab 350 mg IV q21j OU Pembrolizumab 200 mg q21j (CEC avancé non résécable),Cemiplimab 350 mg IV q21j jusqu'à progression ou toxicité intolérable (max 2 ans). Pembrolizumab 200 mg q21j (alternative si Cemiplimab non disponible). Radiothérapie palliative : 30-39 Gy en 10-13 fractions (option symptomatique).,"Toxicités immuno-médiées (pneumopathie, colite, thyroïdite), fatigue, rash cutané (auto-immun paradoxal)","Abdessamad, 75 ans, CEC de la joue droite T4 (envahissement massétérin), jugé non résécable après 2 avis chirurgicaux concordants. PDL1 CPS = 60. Cemiplimab 350 mg q21j. Réponse partielle à 4 mois (réduction 55 %). Thyroïdite grade 2 à 5 mois → Lévothyroxine 50 µg/j. Poursuite Cemiplimab.","Guide AMFROM 2024, Cancers Cutanés, Section VIII.B, p.257"
OESO-META-001,Cancer de l'œsophage métastatique — Nivolumab + chimiothérapie,"En situation métastatique, le cancer de l'œsophage (épidermoïde ou adénocarcinome) bénéficie de nouvelles stratégies combinant chimiothérapie et immunothérapie. L'étude CheckMate 648 (Nivolumab + CT vs CT seule) pour les carcinomes épidermoïdes de l'œsophage a montré un bénéfice en SG chez les patients PD-L1+ (TPS ≥ 1 %). L'étude KEYNOTE-811 (Pembrolizumab + CT ± Trastuzumab si HER2+) pour les adénocarcinomes. En l'absence d'accès à l'immunothérapie : la chimiothérapie Cisplatine + 5-FU reste le standard de 1ère ligne. En 2ème ligne : Paclitaxel hebdomadaire ou Irinotécan.",traitement,oesophage,métastatique,1ère-2ème ligne,œsophage métastatique|Nivolumab|CheckMate 648|Pembrolizumab|KEYNOTE-811|HER2|Cisplatine|5-FU|2ème ligne|Paclitaxel,1L : Nivolumab + Cisplatine/5-FU (CPS ≥ 1) | 2L : Paclitaxel ou Irinotécan,"1L épidermoïde CPS ≥ 1 : Nivolumab 360 mg q21j + Cisplatine 75 mg/m² J1 + 5-FU 750 mg/m²/j J1-J5 q21j × 6 cycles puis Nivolumab maintenance. 1L sans immunothérapie : Cisplatine 75 mg/m² + 5-FU 750 mg/m²/j × 5j q21j. 2L : Paclitaxel 80 mg/m² J1,J8,J15 q28j OU Irinotécan 125 mg/m² J1,J8 q21j. Si adénocarcinome HER2+ : + Pembrolizumab 200 mg + Trastuzumab 8 mg/kg C1 puis 6 mg/kg.","Stomatite (5-FU), néphrotoxicité (Cisplatine), neutropénie, immunotoxicité (Nivolumab)","Samir, 62 ans, carcinome épidermoïde de l'œsophage thoracique T4bN2M1 (métastases hépatiques). PDL1 TPS = 35 %. OMS 1. 1ère ligne : Nivolumab + Cisplatine + 5-FU × 6 cycles. Réponse partielle à 3 mois. Maintenance Nivolumab 480 mg q4 semaines. Suivi TDM q3 mois.","Guide AMFROM 2024, Cancers Digestifs, Section III.C, p.116-117"
SCENARIO-POLYPATHOLOGIE-001,Cas complexe : Cancer et insuffisance rénale chronique — Adaptation des doses,"L'insuffisance rénale chronique (IRC) est fréquente chez les patients cancéreux (30-40 %). Elle impose une adaptation des doses de nombreux médicaments anticancéreux. Agents néphrotoxiques à limiter ou éviter si DFG < 30-50 ml/min : Cisplatine (CI si DFG < 60 ml/min — utiliser Carboplatine AUC adapté), Méthotrexate (accumulation — CI si DFG < 30), Capécitabine (accumulation métabolite — réduire dose si DFG 30-50), Bléomycine (accumulation), AOD (Rivaroxaban, Apixaban). La formule de Calvert permet de calculer la dose de Carboplatine : Dose (mg) = AUC × (DFG + 25).",traitement,général,général,adaptation_posologique,insuffisance rénale|DFG|Carboplatine|Calvert|Cisplatine|adaptation dose|néphrotoxicité|AUC|clairance créatinine,Adaptation posologique selon DFG — Carboplatine = AUC × (DFG + 25),Formule Calvert : Carboplatine (mg) = AUC cible × (DFG CKD-EPI en ml/min + 25). DFG calculé idéalement par clairance urinaire ou CKD-EPI. Réduction Capécitabine : DFG 30-50 → 75 % de la dose standard. CI Cisplatine si DFG < 60 ml/min → substitution Carboplatine. CI Méthotrexate si DFG < 30 ml/min. G-CSF à doser plus prudemment si IRC sévère (accumulation possible).,"Aggravation de l'insuffisance rénale, hyperkaliémie, anémie (erythropoïétine déficit), thrombopénie","Fatima, 70 ans, adénocarcinome gastrique HER2+ stade IV. DFG estimé = 38 ml/min (IRC stade 3b). Cisplatine contre-indiqué → substitution Carboplatine. Dose Carboplatine calculée : AUC5 × (38+25) = 5 × 63 = 315 mg. Association Carboplatine 315 mg + Capécitabine 750 mg/m² × 2/j (75 % dose) + Trastuzumab.","Guide AMFROM 2024, Cancers Digestifs + Soins Support, p.108"
SCENARIO-SUJET-AGE-001,Cas complexe : Cancer du sujet âgé — Évaluation gériatrique oncologique (EGO),"Le cancer du sujet âgé (≥ 70 ans) nécessite une évaluation gériatrique oncologique (EGO) avant tout traitement pour adapter la prise en charge. L'EGO comprend : statut fonctionnel (ADL, IADL), évaluation cognitive (MMSE), état nutritionnel (MNA), comorbidités (score de Charlson), statut social et soutien. Résultats de l'EGO et implications : Fit (pas de vulnérabilité) → traitement standard. Vulnerable (vulnérabilités réversibles) → traitement adapté + correction des déficits. Frail (fragilité sévère) → traitement attenuated ou soins de confort. Le G8 (questionnaire 8 items) est l'outil de dépistage recommandé (< 14/17 = dépistage + EGO).",diagnostic,général,général,évaluation_gériatrique,sujet âgé|EGO|G8|ADL|IADL|MMSE|Charlson|fragilité|Fit|Vulnerable|Frail|adaptation traitement|comorbidités,"G8 dépistage → si G8 < 14 : EGO complète (ADL, IADL, MMSE, MNA, Charlson) → stratification Fit/Vulnerable/Frail",N/A — Évaluation gériatrique,N/A,"Mohammed, 78 ans, cancer du poumon stade IIIA. G8 = 11/17 (< 14 → EGO indiquée). EGO : ADL = 5/6, IADL = 5/8 (légère dépendance IADL), MMSE 24/30 (légère atteinte), MNA = 19/30 (dénutrition modérée), Charlson 4 (diabète + HTA + IC modérée). Profil : Vulnerable. Plan : chimio modifiée (Carboplatine + Pémétrexed doses réduites 75 %), correction dénutrition (CNO), soutien social renforcé. Réévaluation G8 à 2 cycles.","Guide AMFROM 2024, Soins de Support, Section X.L, p.305"
SCENARIO-URGENCE-ONCOL-001,Urgences oncologiques — Compression médullaire et syndrome cave supérieur,"Les urgences oncologiques nécessitent une reconnaissance et une prise en charge rapide. Compression médullaire (CM) : urgence diagnostique (IRM médullaire en urgence) et thérapeutique. Signes : douleur rachidienne nouvelle ou aggravée, déficit moteur/sensitif, troubles sphinctériens. Traitement CM : Dexaméthasone 16-20 mg IV en urgence + RT décompressive + chirurgie si compression mécanique accessible. Syndrome cave supérieur (SCS) : dyspnée, œdème cervico-facial, circulation collatérale. Causes : lymphomes, CPNPC. Traitement SCS : chimiothérapie urgente si lymphome, RT urgente si carcinome, Dexaméthasone 8 mg × 4/j + Diurétiques.",soins_support,général,général,urgence_oncologique,compression médullaire|SCS|syndrome cave supérieur|urgence|Dexaméthasone|IRM médullaire|RT décompressive|lymphome|CPNPC|dyspnée,CM : IRM urgente + Dexaméthasone 16-20 mg IV + RT décompressive | SCS : Dexaméthasone + RT/Chimio urgente,Compression médullaire : Dexaméthasone 16 mg IV bolus initial puis 4 mg IV × 4/j + IPP. RT décompressive dès que possible. SCS : Dexaméthasone 8 mg × 4/j IV + Furosémide 40 mg/j + surélévation tête du lit. Si lymphome : chimiothérapie débuté dans les 24h (R-CHOP ou R-CVP selon état). Si carcinome : RT 3-5 Gy/j × 5-10 fractions (urgente — dès que possible).,"Dexaméthasone : hyperglycémie (surveillance glycémie toutes les 6h), insomnie, IPP obligatoire","Rachid, 58 ans, CPNPC stade IV connu. Consultation urgence : dyspnée positionnelle aggravée en décubitus, œdème facial et veineux collatéraux cou/thorax. TDM thoracique urgence : adénopathie médiastinale comprimant VCS, thrombose VCS partielle. Traitement : Dexaméthasone 8 mg × 4/j IV + Furosémide 40 mg/j + Anticoagulation curative (Rivaroxaban). RT médiastinale urgente démarrée J2.","Guide AMFROM 2024, Soins de Support, Section X.M, p.305-308"
SCENARIO-IMMUNOTOX-001,Cas complexe : Gestion des toxicités immuno-médiées sévères (grade 3-4),"Les toxicités immuno-médiées (irAE) sous immunothérapie peuvent toucher tous les organes et nécessitent une reconnaissance rapide. Organes les plus touchés : peau (rash, vitiligo), tube digestif (colite), foie (hépatite), poumons (pneumopathie), glandes endocrines (thyroïde, hypophyse, surrénales). Règles générales de prise en charge : Grade 1 : surveillance, pas d'arrêt. Grade 2 : pause immunothérapie + corticoïdes si persistance > 1 semaine. Grade 3 : arrêt immunothérapie + corticoïdes (1 mg/kg/j Prednisone ou équivalent). Grade 4 : arrêt définitif + hospitalisation + Méthylprednisolone IV haute dose + immunosuppresseur de 2ème ligne si réfractaire (Infliximab pour colite, Mycophénolate pour hépatite).",effets_secondaires,général,général,gestion_immunotoxicité,irAE|immunotoxicité|colite|hépatite|pneumopathie|thyroïdite|Prednisone|Infliximab|Mycophénolate|grade 3-4|arrêt immunothérapie|corticoïdes,"Grade 2 : pause + Prednisone 0,5-1 mg/kg | Grade 3-4 : arrêt + Méthylprednisolone IV + immunosuppresseur 2ème ligne","Grade 2 (persistant) : Prednisone 0,5-1 mg/kg/j PO, décroissance sur 4-6 semaines. Grade 3 colite : arrêt ICI + Méthylprednisolone 1-2 mg/kg/j IV × 3-5 jours → si réfractaire à J3 : Infliximab 5 mg/kg IV dose unique ± 2ème dose J14. Grade 3-4 hépatite : arrêt ICI + Méthylprednisolone 1-2 mg/kg/j → si réfractaire J3 : Mycophénolate Mofétil 1 g × 2/j. Grade 3-4 pneumopathie : arrêt ICI + Méthylprednisolone 2 mg/kg/j IV → si réfractaire : Infliximab OU Cyclophosphamide. Reprise ICI uniquement si grade 1, après 4-6 semaines de décroissance, et concertation.",Les immunosuppresseurs de 2ème ligne exposent aux infections opportunistes (Cotrimoxazole prophylactique + Valganciclovir si CMV dans contexte hépatique),"Sara, 45 ans, TNBC sous Pembrolizumab adjuvant. J89 : diarrhée profuse > 7 selles/j, rectorragies → grade 3 colite. Coloscopie urgente : ulcérations multiples. Arrêt définitif Pembrolizumab. Méthylprednisolone 1 mg/kg/j IV. Pas d'amélioration à J3 → Infliximab 5 mg/kg IV. Amélioration à J5. Relais Prednisone 1 mg/kg/j PO décroissant sur 8 semaines. Cotrimoxazole forte prophylactique démarré.","Guide AMFROM 2024, Soins de Support, Section X.F, p.279"
